"Age Category","Income Category","Race Category","Sex Category","Year","ID","Name","Demographic Group: Number","Demographic Group: MOE","Uninsured: Number","Uninsured: MOE","Uninsured: %","Uninsured: %MOE","Insured: Number","Insured: MOE","Insured: %","Insured: %MOE"
"18 to 64 years","<= 400% of Poverty","Hispanic (any race)","Female Only","2018","01000","Alabama","44,022","832","18,885","1,572","42.9","3.5","25,137","1,581","57.1","3.5"
"18 to 64 years","<= 400% of Poverty","Hispanic (any race)","Female Only","2017","01000","Alabama","43,012","777","16,896","1,560","39.3","3.5","26,116","1,578","60.7","3.5"
"18 to 64 years","<= 400% of Poverty","Hispanic (any race)","Female Only","2016","01000","Alabama","42,276","710","18,107","1,573","42.8","3.6","24,169","1,578","57.2","3.6"
"18 to 64 years","<= 400% of Poverty","Hispanic (any race)","Female Only","2015","01000","Alabama","42,761","676","18,299","1,607","42.8","3.7","24,462","1,619","57.2","3.7"
"18 to 64 years","<= 400% of Poverty","Hispanic (any race)","Female Only","2014","01000","Alabama","43,186","660","20,483","1,550","47.4","3.5","22,703","1,537","52.6","3.5"
"18 to 64 years","<= 400% of Poverty","Hispanic (any race)","Female Only","2013","01000","Alabama","42,416","616","22,213","1,567","52.4","3.6","20,203","1,544","47.6","3.6"
"18 to 64 years","<= 400% of Poverty","Hispanic (any race)","Female Only","2012","01000","Alabama","41,923","615","22,587","1,532","53.9","3.5","19,336","1,506","46.1","3.5"
"18 to 64 years","<= 400% of Poverty","Hispanic (any race)","Female Only","2011","01000","Alabama","41,668","632","22,443","1,564","53.9","3.6","19,225","1,528","46.1","3.6"
"18 to 64 years","<= 400% of Poverty","Hispanic (any race)","Female Only","2010","01000","Alabama","40,775","637","23,361","1,510","57.3","3.5","17,415","1,457","42.7","3.5"
"18 to 64 years","<= 400% of Poverty","Hispanic (any race)","Female Only","2009","01000","Alabama","29,728","462","15,657","1,150","52.7","3.8","14,071","1,131","47.3","3.8"
"18 to 64 years","<= 400% of Poverty","Hispanic (any race)","Female Only","2008","01000","Alabama","25,980","454","12,663","980","48.7","3.7","13,317","973","51.3","3.7"
"18 to 64 years","<= 400% of Poverty","Hispanic (any race)","Female Only","2018","02000","Alaska","10,157","393","3,412","463","33.6","4.4","6,745","516","66.4","4.4"
"18 to 64 years","<= 400% of Poverty","Hispanic (any race)","Female Only","2017","02000","Alaska","9,994","375","3,346","446","33.5","4.3","6,648","493","66.5","4.3"
"18 to 64 years","<= 400% of Poverty","Hispanic (any race)","Female Only","2016","02000","Alaska","9,927","369","3,869","479","39.0","4.6","6,058","502","61.0","4.6"
"18 to 64 years","<= 400% of Poverty","Hispanic (any race)","Female Only","2015","02000","Alaska","9,964","366","3,705","442","37.2","4.2","6,259","477","62.8","4.2"
"18 to 64 years","<= 400% of Poverty","Hispanic (any race)","Female Only","2014","02000","Alaska","10,131","349","4,591","493","45.3","4.6","5,540","497","54.7","4.6"
"18 to 64 years","<= 400% of Poverty","Hispanic (any race)","Female Only","2013","02000","Alaska","9,863","325","4,877","455","49.4","4.3","4,986","446","50.6","4.3"
"18 to 64 years","<= 400% of Poverty","Hispanic (any race)","Female Only","2012","02000","Alaska","9,450","294","4,571","441","48.4","4.4","4,878","435","51.6","4.4"
"18 to 64 years","<= 400% of Poverty","Hispanic (any race)","Female Only","2011","02000","Alaska","8,893","277","4,613","417","51.9","4.3","4,280","405","48.1","4.3"
"18 to 64 years","<= 400% of Poverty","Hispanic (any race)","Female Only","2010","02000","Alaska","8,568","253","4,074","426","47.5","4.7","4,494","426","52.5","4.7"
"18 to 64 years","<= 400% of Poverty","Hispanic (any race)","Female Only","2009","02000","Alaska","8,926","296","4,430","483","49.6","5.1","4,496","480","50.4","5.1"
"18 to 64 years","<= 400% of Poverty","Hispanic (any race)","Female Only","2008","02000","Alaska","8,373","246","4,004","444","47.8","5.1","4,369","444","52.2","5.1"
"18 to 64 years","<= 400% of Poverty","Hispanic (any race)","Female Only","2018","04000","Arizona","531,295","5,587","132,671","7,125","25.0","1.3","398,624","8,093","75.0","1.3"
"18 to 64 years","<= 400% of Poverty","Hispanic (any race)","Female Only","2017","04000","Arizona","515,021","5,334","116,985","6,531","22.7","1.2","398,036","7,585","77.3","1.2"
"18 to 64 years","<= 400% of Poverty","Hispanic (any race)","Female Only","2016","04000","Arizona","510,563","4,764","118,773","6,599","23.3","1.3","391,790","7,407","76.7","1.3"
"18 to 64 years","<= 400% of Poverty","Hispanic (any race)","Female Only","2015","04000","Arizona","510,656","4,086","127,599","6,664","25.0","1.3","383,057","7,207","75.0","1.3"
"18 to 64 years","<= 400% of Poverty","Hispanic (any race)","Female Only","2014","04000","Arizona","505,583","3,744","152,093","7,106","30.1","1.4","353,490","7,449","69.9","1.4"
"18 to 64 years","<= 400% of Poverty","Hispanic (any race)","Female Only","2013","04000","Arizona","492,761","3,657","186,833","7,565","37.9","1.5","305,928","7,694","62.1","1.5"
"18 to 64 years","<= 400% of Poverty","Hispanic (any race)","Female Only","2012","04000","Arizona","480,043","3,814","185,020","7,059","38.5","1.4","295,023","7,250","61.5","1.4"
"18 to 64 years","<= 400% of Poverty","Hispanic (any race)","Female Only","2011","04000","Arizona","471,393","4,221","175,525","7,864","37.2","1.6","295,868","8,093","62.8","1.6"
"18 to 64 years","<= 400% of Poverty","Hispanic (any race)","Female Only","2010","04000","Arizona","457,154","4,155","171,472","7,355","37.5","1.6","285,682","7,645","62.5","1.6"
"18 to 64 years","<= 400% of Poverty","Hispanic (any race)","Female Only","2009","04000","Arizona","454,033","5,861","174,444","7,987","38.4","1.7","279,589","8,416","61.6","1.7"
"18 to 64 years","<= 400% of Poverty","Hispanic (any race)","Female Only","2008","04000","Arizona","432,365","5,293","180,350","7,246","41.7","1.6","252,016","7,526","58.3","1.6"
"18 to 64 years","<= 400% of Poverty","Hispanic (any race)","Female Only","2018","05000","Arkansas","53,598","886","16,900","1,758","31.5","3.2","36,698","1,823","68.5","3.2"
"18 to 64 years","<= 400% of Poverty","Hispanic (any race)","Female Only","2017","05000","Arkansas","52,122","828","15,618","1,652","30.0","3.1","36,504","1,710","70.0","3.1"
"18 to 64 years","<= 400% of Poverty","Hispanic (any race)","Female Only","2016","05000","Arkansas","50,244","784","17,368","1,745","34.6","3.4","32,876","1,773","65.4","3.4"
"18 to 64 years","<= 400% of Poverty","Hispanic (any race)","Female Only","2015","05000","Arkansas","49,239","696","18,363","1,689","37.3","3.4","30,876","1,704","62.7","3.4"
"18 to 64 years","<= 400% of Poverty","Hispanic (any race)","Female Only","2014","05000","Arkansas","48,095","638","20,164","1,679","41.9","3.4","27,931","1,685","58.1","3.4"
"18 to 64 years","<= 400% of Poverty","Hispanic (any race)","Female Only","2013","05000","Arkansas","46,798","606","22,886","1,704","48.9","3.6","23,912","1,686","51.1","3.6"
"18 to 64 years","<= 400% of Poverty","Hispanic (any race)","Female Only","2012","05000","Arkansas","45,984","579","22,143","1,601","48.2","3.4","23,840","1,588","51.8","3.4"
"18 to 64 years","<= 400% of Poverty","Hispanic (any race)","Female Only","2011","05000","Arkansas","44,966","581","23,423","1,630","52.1","3.5","21,543","1,601","47.9","3.5"
"18 to 64 years","<= 400% of Poverty","Hispanic (any race)","Female Only","2010","05000","Arkansas","43,117","590","24,774","1,553","57.5","3.5","18,343","1,511","42.5","3.5"
"18 to 64 years","<= 400% of Poverty","Hispanic (any race)","Female Only","2009","05000","Arkansas","37,293","514","18,833","1,422","50.5","3.7","18,459","1,403","49.5","3.7"
"18 to 64 years","<= 400% of Poverty","Hispanic (any race)","Female Only","2008","05000","Arkansas","33,361","496","17,119","1,264","51.3","3.7","16,241","1,249","48.7","3.7"
"18 to 64 years","<= 400% of Poverty","Hispanic (any race)","Female Only","2018","06000","California","3,549,581","18,118","606,021","17,560","17.1","0.5","2,943,560","23,081","82.9","0.5"
"18 to 64 years","<= 400% of Poverty","Hispanic (any race)","Female Only","2017","06000","California","3,585,337","18,319","595,784","17,251","16.6","0.5","2,989,553","23,256","83.4","0.5"
"18 to 64 years","<= 400% of Poverty","Hispanic (any race)","Female Only","2016","06000","California","3,606,222","15,594","632,654","17,871","17.5","0.5","2,973,568","22,052","82.5","0.5"
"18 to 64 years","<= 400% of Poverty","Hispanic (any race)","Female Only","2015","06000","California","3,651,366","13,480","744,999","18,866","20.4","0.5","2,906,367","21,119","79.6","0.5"
"18 to 64 years","<= 400% of Poverty","Hispanic (any race)","Female Only","2014","06000","California","3,659,841","12,143","1,055,507","20,928","28.8","0.6","2,604,334","22,474","71.2","0.6"
"18 to 64 years","<= 400% of Poverty","Hispanic (any race)","Female Only","2013","06000","California","3,581,577","12,381","1,393,128","23,193","38.9","0.6","2,188,449","23,384","61.1","0.6"
"18 to 64 years","<= 400% of Poverty","Hispanic (any race)","Female Only","2012","06000","California","3,531,482","16,311","1,429,335","21,817","40.5","0.6","2,102,147","22,412","59.5","0.6"
"18 to 64 years","<= 400% of Poverty","Hispanic (any race)","Female Only","2011","06000","California","3,475,047","18,253","1,413,045","23,365","40.7","0.6","2,062,001","23,911","59.3","0.6"
"18 to 64 years","<= 400% of Poverty","Hispanic (any race)","Female Only","2010","06000","California","3,378,238","17,238","1,425,381","22,540","42.2","0.6","1,952,857","23,059","57.8","0.6"
"18 to 64 years","<= 400% of Poverty","Hispanic (any race)","Female Only","2009","06000","California","3,109,876","18,141","1,308,142","22,588","42.1","0.7","1,801,734","23,689","57.9","0.7"
"18 to 64 years","<= 400% of Poverty","Hispanic (any race)","Female Only","2008","06000","California","3,011,027","17,350","1,214,701","20,931","40.3","0.7","1,796,326","22,247","59.7","0.7"
"18 to 64 years","<= 400% of Poverty","Hispanic (any race)","Female Only","2018","08000","Colorado","264,045","4,086","56,889","4,386","21.5","1.6","207,156","5,364","78.5","1.6"
"18 to 64 years","<= 400% of Poverty","Hispanic (any race)","Female Only","2017","08000","Colorado","262,808","3,732","61,513","4,407","23.4","1.6","201,295","5,114","76.6","1.6"
"18 to 64 years","<= 400% of Poverty","Hispanic (any race)","Female Only","2016","08000","Colorado","258,567","3,566","64,866","4,570","25.1","1.7","193,701","5,137","74.9","1.7"
"18 to 64 years","<= 400% of Poverty","Hispanic (any race)","Female Only","2015","08000","Colorado","259,931","3,196","68,080","4,619","26.2","1.7","191,851","5,089","73.8","1.7"
"18 to 64 years","<= 400% of Poverty","Hispanic (any race)","Female Only","2014","08000","Colorado","255,914","2,933","76,357","4,671","29.8","1.8","179,557","4,999","70.2","1.8"
"18 to 64 years","<= 400% of Poverty","Hispanic (any race)","Female Only","2013","08000","Colorado","252,358","2,817","93,651","5,014","37.1","1.9","158,707","5,173","62.9","1.9"
"18 to 64 years","<= 400% of Poverty","Hispanic (any race)","Female Only","2012","08000","Colorado","247,420","2,833","97,455","4,822","39.4","1.9","149,966","4,957","60.6","1.9"
"18 to 64 years","<= 400% of Poverty","Hispanic (any race)","Female Only","2011","08000","Colorado","245,163","2,982","96,531","4,944","39.4","2.0","148,632","5,082","60.6","2.0"
"18 to 64 years","<= 400% of Poverty","Hispanic (any race)","Female Only","2010","08000","Colorado","236,340","3,031","100,874","4,811","42.7","2.0","135,466","4,895","57.3","2.0"
"18 to 64 years","<= 400% of Poverty","Hispanic (any race)","Female Only","2009","08000","Colorado","218,723","3,561","94,891","4,886","43.4","2.1","123,832","4,998","56.6","2.1"
"18 to 64 years","<= 400% of Poverty","Hispanic (any race)","Female Only","2008","08000","Colorado","211,565","3,519","90,271","4,583","42.7","2.0","121,294","4,716","57.3","2.0"
"18 to 64 years","<= 400% of Poverty","Hispanic (any race)","Female Only","2018","09000","Connecticut","129,679","2,637","23,484","2,418","18.1","1.8","106,195","3,200","81.9","1.8"
"18 to 64 years","<= 400% of Poverty","Hispanic (any race)","Female Only","2017","09000","Connecticut","128,139","2,524","22,661","2,394","17.7","1.8","105,478","3,124","82.3","1.8"
"18 to 64 years","<= 400% of Poverty","Hispanic (any race)","Female Only","2016","09000","Connecticut","125,183","2,433","23,508","2,438","18.8","1.9","101,675","3,087","81.2","1.9"
"18 to 64 years","<= 400% of Poverty","Hispanic (any race)","Female Only","2015","09000","Connecticut","125,542","2,251","26,726","2,597","21.3","2.0","98,816","3,110","78.7","2.0"
"18 to 64 years","<= 400% of Poverty","Hispanic (any race)","Female Only","2014","09000","Connecticut","125,462","2,121","26,782","2,540","21.3","2.0","98,680","3,000","78.7","2.0"
"18 to 64 years","<= 400% of Poverty","Hispanic (any race)","Female Only","2013","09000","Connecticut","123,917","2,067","37,624","2,985","30.4","2.4","86,293","3,245","69.6","2.4"
"18 to 64 years","<= 400% of Poverty","Hispanic (any race)","Female Only","2012","09000","Connecticut","120,393","2,031","35,173","2,729","29.2","2.2","85,220","3,018","70.8","2.2"
"18 to 64 years","<= 400% of Poverty","Hispanic (any race)","Female Only","2011","09000","Connecticut","115,515","2,081","33,191","2,693","28.7","2.3","82,324","2,997","71.3","2.3"
"18 to 64 years","<= 400% of Poverty","Hispanic (any race)","Female Only","2010","09000","Connecticut","111,532","2,238","32,844","2,745","29.4","2.4","78,688","3,099","70.6","2.4"
"18 to 64 years","<= 400% of Poverty","Hispanic (any race)","Female Only","2009","09000","Connecticut","96,018","2,387","26,995","2,493","28.1","2.5","69,023","2,951","71.9","2.5"
"18 to 64 years","<= 400% of Poverty","Hispanic (any race)","Female Only","2008","09000","Connecticut","91,109","2,323","26,144","2,376","28.7","2.5","64,966","2,816","71.3","2.5"
"18 to 64 years","<= 400% of Poverty","Hispanic (any race)","Female Only","2018","10000","Delaware","19,080","563","4,326","707","22.7","3.6","14,754","819","77.3","3.6"
"18 to 64 years","<= 400% of Poverty","Hispanic (any race)","Female Only","2017","10000","Delaware","18,784","515","4,146","702","22.1","3.7","14,638","792","77.9","3.7"
"18 to 64 years","<= 400% of Poverty","Hispanic (any race)","Female Only","2016","10000","Delaware","18,672","507","4,007","644","21.5","3.4","14,665","742","78.5","3.4"
"18 to 64 years","<= 400% of Poverty","Hispanic (any race)","Female Only","2015","10000","Delaware","18,810","478","4,704","726","25.0","3.8","14,106","794","75.0","3.8"
"18 to 64 years","<= 400% of Poverty","Hispanic (any race)","Female Only","2014","10000","Delaware","18,694","481","5,036","714","26.9","3.7","13,658","776","73.1","3.7"
"18 to 64 years","<= 400% of Poverty","Hispanic (any race)","Female Only","2013","10000","Delaware","18,460","444","5,872","742","31.8","3.9","12,588","779","68.2","3.9"
"18 to 64 years","<= 400% of Poverty","Hispanic (any race)","Female Only","2012","10000","Delaware","17,926","419","6,031","753","33.6","4.1","11,895","782","66.4","4.1"
"18 to 64 years","<= 400% of Poverty","Hispanic (any race)","Female Only","2011","10000","Delaware","17,257","407","6,336","754","36.7","4.3","10,921","771","63.3","4.3"
"18 to 64 years","<= 400% of Poverty","Hispanic (any race)","Female Only","2010","10000","Delaware","16,677","441","5,704","755","34.2","4.4","10,973","783","65.8","4.4"
"18 to 64 years","<= 400% of Poverty","Hispanic (any race)","Female Only","2009","10000","Delaware","13,149","343","4,817","614","36.6","4.5","8,332","631","63.4","4.5"
"18 to 64 years","<= 400% of Poverty","Hispanic (any race)","Female Only","2008","10000","Delaware","11,801","327","4,628","577","39.2","4.8","7,173","593","60.8","4.8"
"18 to 64 years","<= 400% of Poverty","Hispanic (any race)","Female Only","2018","11000","District of Columbia","15,269","681","1,548","363","10.1","2.3","13,721","708","89.9","2.3"
"18 to 64 years","<= 400% of Poverty","Hispanic (any race)","Female Only","2017","11000","District of Columbia","15,324","627","2,132","446","13.9","2.9","13,192","691","86.1","2.9"
"18 to 64 years","<= 400% of Poverty","Hispanic (any race)","Female Only","2016","11000","District of Columbia","15,474","635","1,901","437","12.3","2.8","13,573","699","87.7","2.8"
"18 to 64 years","<= 400% of Poverty","Hispanic (any race)","Female Only","2015","11000","District of Columbia","15,592","629","2,090","443","13.4","2.8","13,502","690","86.6","2.8"
"18 to 64 years","<= 400% of Poverty","Hispanic (any race)","Female Only","2014","11000","District of Columbia","15,303","583","2,621","472","17.1","3.0","12,682","665","82.9","3.0"
"18 to 64 years","<= 400% of Poverty","Hispanic (any race)","Female Only","2013","11000","District of Columbia","14,946","584","2,839","465","19.0","3.0","12,107","652","81.0","3.0"
"18 to 64 years","<= 400% of Poverty","Hispanic (any race)","Female Only","2012","11000","District of Columbia","14,508","533","2,885","498","19.9","3.3","11,623","639","80.1","3.3"
"18 to 64 years","<= 400% of Poverty","Hispanic (any race)","Female Only","2011","11000","District of Columbia","13,739","512","3,160","528","23.0","3.7","10,579","638","77.0","3.7"
"18 to 64 years","<= 400% of Poverty","Hispanic (any race)","Female Only","2010","11000","District of Columbia","13,037","520","3,087","543","23.7","4.0","9,950","655","76.3","4.0"
"18 to 64 years","<= 400% of Poverty","Hispanic (any race)","Female Only","2009","11000","District of Columbia","12,021","379","2,394","468","19.9","3.8","9,626","551","80.1","3.8"
"18 to 64 years","<= 400% of Poverty","Hispanic (any race)","Female Only","2008","11000","District of Columbia","11,732","382","2,677","490","22.8","4.1","9,056","565","77.2","4.1"
"18 to 64 years","<= 400% of Poverty","Hispanic (any race)","Female Only","2018","12000","Florida","1,296,828","11,130","375,693","13,414","29.0","1.0","921,135","14,937","71.0","1.0"
"18 to 64 years","<= 400% of Poverty","Hispanic (any race)","Female Only","2017","12000","Florida","1,270,873","10,682","366,779","13,058","28.9","1.0","904,094","14,503","71.1","1.0"
"18 to 64 years","<= 400% of Poverty","Hispanic (any race)","Female Only","2016","12000","Florida","1,236,655","9,463","367,576","13,081","29.7","1.0","869,079","14,046","70.3","1.0"
"18 to 64 years","<= 400% of Poverty","Hispanic (any race)","Female Only","2015","12000","Florida","1,213,164","8,289","370,270","12,806","30.5","1.0","842,894","13,609","69.5","1.0"
"18 to 64 years","<= 400% of Poverty","Hispanic (any race)","Female Only","2014","12000","Florida","1,194,635","7,494","450,017","13,099","37.7","1.1","744,618","13,331","62.3","1.1"
"18 to 64 years","<= 400% of Poverty","Hispanic (any race)","Female Only","2013","12000","Florida","1,151,597","7,527","533,197","13,688","46.3","1.1","618,400","13,563","53.7","1.1"
"18 to 64 years","<= 400% of Poverty","Hispanic (any race)","Female Only","2012","12000","Florida","1,119,374","7,996","525,185","12,776","46.9","1.1","594,189","12,654","53.1","1.1"
"18 to 64 years","<= 400% of Poverty","Hispanic (any race)","Female Only","2011","12000","Florida","1,086,791","8,893","524,783","14,091","48.3","1.2","562,008","13,861","51.7","1.2"
"18 to 64 years","<= 400% of Poverty","Hispanic (any race)","Female Only","2010","12000","Florida","1,052,968","8,648","526,355","12,723","50.0","1.1","526,613","12,436","50.0","1.1"
"18 to 64 years","<= 400% of Poverty","Hispanic (any race)","Female Only","2009","12000","Florida","926,379","9,711","446,206","12,207","48.2","1.2","480,173","12,270","51.8","1.2"
"18 to 64 years","<= 400% of Poverty","Hispanic (any race)","Female Only","2008","12000","Florida","870,114","9,563","410,624","11,287","47.2","1.2","459,490","11,359","52.8","1.2"
"18 to 64 years","<= 400% of Poverty","Hispanic (any race)","Female Only","2018","13000","Georgia","226,942","3,226","108,074","5,373","47.6","2.2","118,868","5,245","52.4","2.2"
"18 to 64 years","<= 400% of Poverty","Hispanic (any race)","Female Only","2017","13000","Georgia","222,747","3,042","106,422","5,138","47.8","2.2","116,325","5,048","52.2","2.2"
"18 to 64 years","<= 400% of Poverty","Hispanic (any race)","Female Only","2016","13000","Georgia","215,902","2,826","105,072","5,126","48.7","2.3","110,830","5,025","51.3","2.3"
"18 to 64 years","<= 400% of Poverty","Hispanic (any race)","Female Only","2015","13000","Georgia","215,986","2,488","109,370","5,041","50.6","2.2","106,616","4,932","49.4","2.2"
"18 to 64 years","<= 400% of Poverty","Hispanic (any race)","Female Only","2014","13000","Georgia","214,197","2,331","113,221","4,896","52.9","2.2","100,976","4,786","47.1","2.2"
"18 to 64 years","<= 400% of Poverty","Hispanic (any race)","Female Only","2013","13000","Georgia","209,144","2,225","121,934","4,868","58.3","2.2","87,210","4,695","41.7","2.2"
"18 to 64 years","<= 400% of Poverty","Hispanic (any race)","Female Only","2012","13000","Georgia","207,510","2,280","119,593","4,760","57.6","2.2","87,917","4,597","42.4","2.2"
"18 to 64 years","<= 400% of Poverty","Hispanic (any race)","Female Only","2011","13000","Georgia","204,233","2,403","121,551","5,070","59.5","2.4","82,682","4,862","40.5","2.4"
"18 to 64 years","<= 400% of Poverty","Hispanic (any race)","Female Only","2010","13000","Georgia","198,857","2,424","122,778","4,621","61.7","2.2","76,079","4,386","38.3","2.2"
"18 to 64 years","<= 400% of Poverty","Hispanic (any race)","Female Only","2009","13000","Georgia","162,884","2,249","100,987","4,031","62.0","2.3","61,897","3,826","38.0","2.3"
"18 to 64 years","<= 400% of Poverty","Hispanic (any race)","Female Only","2008","13000","Georgia","151,350","2,376","93,444","3,712","61.7","2.2","57,906","3,479","38.3","2.2"
"18 to 64 years","<= 400% of Poverty","Hispanic (any race)","Female Only","2018","15000","Hawaii","28,448","838","3,426","641","12.0","2.2","25,022","966","88.0","2.2"
"18 to 64 years","<= 400% of Poverty","Hispanic (any race)","Female Only","2017","15000","Hawaii","28,684","803","3,354","591","11.7","2.0","25,330","917","88.3","2.0"
"18 to 64 years","<= 400% of Poverty","Hispanic (any race)","Female Only","2016","15000","Hawaii","28,827","787","3,340","579","11.6","2.0","25,487","896","88.4","2.0"
"18 to 64 years","<= 400% of Poverty","Hispanic (any race)","Female Only","2015","15000","Hawaii","29,316","757","3,660","635","12.5","2.1","25,656","911","87.5","2.1"
"18 to 64 years","<= 400% of Poverty","Hispanic (any race)","Female Only","2014","15000","Hawaii","28,898","738","3,812","609","13.2","2.1","25,086","874","86.8","2.1"
"18 to 64 years","<= 400% of Poverty","Hispanic (any race)","Female Only","2013","15000","Hawaii","28,161","727","5,138","740","18.2","2.6","23,023","929","81.8","2.6"
"18 to 64 years","<= 400% of Poverty","Hispanic (any race)","Female Only","2012","15000","Hawaii","27,498","694","4,540","631","16.5","2.2","22,958","838","83.5","2.2"
"18 to 64 years","<= 400% of Poverty","Hispanic (any race)","Female Only","2011","15000","Hawaii","27,295","637","5,041","686","18.5","2.5","22,254","837","81.5","2.5"
"18 to 64 years","<= 400% of Poverty","Hispanic (any race)","Female Only","2010","15000","Hawaii","26,061","640","5,397","768","20.7","2.9","20,664","903","79.3","2.9"
"18 to 64 years","<= 400% of Poverty","Hispanic (any race)","Female Only","2009","15000","Hawaii","24,052","548","4,105","664","17.1","2.7","19,946","796","82.9","2.7"
"18 to 64 years","<= 400% of Poverty","Hispanic (any race)","Female Only","2008","15000","Hawaii","22,394","572","3,932","651","17.6","2.9","18,462","793","82.4","2.9"
"18 to 64 years","<= 400% of Poverty","Hispanic (any race)","Female Only","2018","16000","Idaho","50,045","972","17,356","1,758","34.7","3.4","32,689","1,818","65.3","3.4"
"18 to 64 years","<= 400% of Poverty","Hispanic (any race)","Female Only","2017","16000","Idaho","48,523","867","17,273","1,718","35.6","3.5","31,250","1,760","64.4","3.5"
"18 to 64 years","<= 400% of Poverty","Hispanic (any race)","Female Only","2016","16000","Idaho","47,068","808","16,614","1,672","35.3","3.5","30,454","1,713","64.7","3.5"
"18 to 64 years","<= 400% of Poverty","Hispanic (any race)","Female Only","2015","16000","Idaho","46,178","736","16,187","1,620","35.1","3.4","29,991","1,650","64.9","3.4"
"18 to 64 years","<= 400% of Poverty","Hispanic (any race)","Female Only","2014","16000","Idaho","45,498","684","20,917","1,629","46.0","3.5","24,581","1,617","54.0","3.5"
"18 to 64 years","<= 400% of Poverty","Hispanic (any race)","Female Only","2013","16000","Idaho","43,683","633","20,291","1,563","46.5","3.5","23,392","1,554","53.5","3.5"
"18 to 64 years","<= 400% of Poverty","Hispanic (any race)","Female Only","2012","16000","Idaho","42,603","604","20,450","1,564","48.0","3.6","22,153","1,553","52.0","3.6"
"18 to 64 years","<= 400% of Poverty","Hispanic (any race)","Female Only","2011","16000","Idaho","41,688","584","19,665","1,497","47.2","3.5","22,023","1,489","52.8","3.5"
"18 to 64 years","<= 400% of Poverty","Hispanic (any race)","Female Only","2010","16000","Idaho","40,276","582","19,671","1,463","48.8","3.5","20,605","1,450","51.2","3.5"
"18 to 64 years","<= 400% of Poverty","Hispanic (any race)","Female Only","2009","16000","Idaho","35,845","583","17,584","1,425","49.1","3.9","18,261","1,411","50.9","3.9"
"18 to 64 years","<= 400% of Poverty","Hispanic (any race)","Female Only","2008","16000","Idaho","32,701","589","16,458","1,239","50.3","3.7","16,243","1,225","49.7","3.7"
"18 to 64 years","<= 400% of Poverty","Hispanic (any race)","Female Only","2018","17000","Illinois","486,487","5,496","120,673","6,537","24.8","1.3","365,814","7,557","75.2","1.3"
"18 to 64 years","<= 400% of Poverty","Hispanic (any race)","Female Only","2017","17000","Illinois","494,591","5,268","127,668","6,594","25.8","1.3","366,923","7,490","74.2","1.3"
"18 to 64 years","<= 400% of Poverty","Hispanic (any race)","Female Only","2016","17000","Illinois","494,148","4,825","119,703","6,416","24.2","1.3","374,445","7,185","75.8","1.3"
"18 to 64 years","<= 400% of Poverty","Hispanic (any race)","Female Only","2015","17000","Illinois","503,112","4,338","137,617","6,549","27.4","1.3","365,495","7,089","72.6","1.3"
"18 to 64 years","<= 400% of Poverty","Hispanic (any race)","Female Only","2014","17000","Illinois","504,338","4,079","160,307","6,913","31.8","1.3","344,031","7,273","68.2","1.3"
"18 to 64 years","<= 400% of Poverty","Hispanic (any race)","Female Only","2013","17000","Illinois","496,284","3,999","198,293","7,406","40.0","1.5","297,991","7,537","60.0","1.5"
"18 to 64 years","<= 400% of Poverty","Hispanic (any race)","Female Only","2012","17000","Illinois","491,946","4,140","204,190","7,074","41.5","1.4","287,756","7,176","58.5","1.4"
"18 to 64 years","<= 400% of Poverty","Hispanic (any race)","Female Only","2011","17000","Illinois","488,318","4,497","199,765","7,505","40.9","1.5","288,553","7,589","59.1","1.5"
"18 to 64 years","<= 400% of Poverty","Hispanic (any race)","Female Only","2010","17000","Illinois","472,596","4,620","200,379","7,383","42.4","1.5","272,217","7,476","57.6","1.5"
"18 to 64 years","<= 400% of Poverty","Hispanic (any race)","Female Only","2009","17000","Illinois","430,786","5,611","181,495","7,332","42.1","1.6","249,291","7,638","57.9","1.6"
"18 to 64 years","<= 400% of Poverty","Hispanic (any race)","Female Only","2008","17000","Illinois","425,450","5,611","174,938","7,015","41.1","1.6","250,513","7,352","58.9","1.6"
"18 to 64 years","<= 400% of Poverty","Hispanic (any race)","Female Only","2018","18000","Indiana","101,109","1,795","30,367","2,607","30.0","2.5","70,742","2,826","70.0","2.5"
"18 to 64 years","<= 400% of Poverty","Hispanic (any race)","Female Only","2017","18000","Indiana","100,422","1,700","30,027","2,651","29.9","2.6","70,395","2,825","70.1","2.6"
"18 to 64 years","<= 400% of Poverty","Hispanic (any race)","Female Only","2016","18000","Indiana","97,557","1,558","29,266","2,507","30.0","2.5","68,291","2,646","70.0","2.5"
"18 to 64 years","<= 400% of Poverty","Hispanic (any race)","Female Only","2015","18000","Indiana","96,409","1,432","33,084","2,644","34.3","2.7","63,325","2,723","65.7","2.7"
"18 to 64 years","<= 400% of Poverty","Hispanic (any race)","Female Only","2014","18000","Indiana","95,836","1,319","36,977","2,643","38.6","2.7","58,859","2,691","61.4","2.7"
"18 to 64 years","<= 400% of Poverty","Hispanic (any race)","Female Only","2013","18000","Indiana","93,452","1,270","39,823","2,678","42.6","2.8","53,629","2,695","57.4","2.8"
"18 to 64 years","<= 400% of Poverty","Hispanic (any race)","Female Only","2012","18000","Indiana","90,439","1,254","39,616","2,628","43.8","2.8","50,824","2,636","56.2","2.8"
"18 to 64 years","<= 400% of Poverty","Hispanic (any race)","Female Only","2011","18000","Indiana","89,265","1,211","40,630","2,617","45.5","2.8","48,635","2,602","54.5","2.8"
"18 to 64 years","<= 400% of Poverty","Hispanic (any race)","Female Only","2010","18000","Indiana","86,250","1,254","36,933","2,510","42.8","2.8","49,317","2,528","57.2","2.8"
"18 to 64 years","<= 400% of Poverty","Hispanic (any race)","Female Only","2009","18000","Indiana","71,979","1,201","30,027","2,234","41.7","3.0","41,952","2,265","58.3","3.0"
"18 to 64 years","<= 400% of Poverty","Hispanic (any race)","Female Only","2008","18000","Indiana","67,277","1,208","28,375","2,043","42.2","2.9","38,902","2,080","57.8","2.9"
"18 to 64 years","<= 400% of Poverty","Hispanic (any race)","Female Only","2018","19000","Iowa","40,568","903","9,132","1,148","22.5","2.8","31,436","1,311","77.5","2.8"
"18 to 64 years","<= 400% of Poverty","Hispanic (any race)","Female Only","2017","19000","Iowa","39,368","852","8,583","1,153","21.8","2.9","30,785","1,308","78.2","2.9"
"18 to 64 years","<= 400% of Poverty","Hispanic (any race)","Female Only","2016","19000","Iowa","38,388","764","8,366","1,099","21.8","2.8","30,022","1,231","78.2","2.8"
"18 to 64 years","<= 400% of Poverty","Hispanic (any race)","Female Only","2015","19000","Iowa","37,970","708","8,657","1,065","22.8","2.8","29,313","1,175","77.2","2.8"
"18 to 64 years","<= 400% of Poverty","Hispanic (any race)","Female Only","2014","19000","Iowa","36,759","701","9,061","1,112","24.6","3.0","27,698","1,211","75.4","3.0"
"18 to 64 years","<= 400% of Poverty","Hispanic (any race)","Female Only","2013","19000","Iowa","35,729","671","11,866","1,234","33.2","3.4","23,863","1,277","66.8","3.4"
"18 to 64 years","<= 400% of Poverty","Hispanic (any race)","Female Only","2012","19000","Iowa","34,707","618","11,832","1,191","34.1","3.4","22,875","1,230","65.9","3.4"
"18 to 64 years","<= 400% of Poverty","Hispanic (any race)","Female Only","2011","19000","Iowa","33,689","590","11,827","1,162","35.1","3.4","21,862","1,188","64.9","3.4"
"18 to 64 years","<= 400% of Poverty","Hispanic (any race)","Female Only","2010","19000","Iowa","31,976","608","12,229","1,187","38.2","3.6","19,747","1,210","61.8","3.6"
"18 to 64 years","<= 400% of Poverty","Hispanic (any race)","Female Only","2009","19000","Iowa","27,079","552","10,240","1,104","37.8","4.0","16,839","1,130","62.2","4.0"
"18 to 64 years","<= 400% of Poverty","Hispanic (any race)","Female Only","2008","19000","Iowa","24,823","529","9,019","943","36.3","3.7","15,803","974","63.7","3.7"
"18 to 64 years","<= 400% of Poverty","Hispanic (any race)","Female Only","2018","20000","Kansas","75,790","1,373","25,284","2,127","33.4","2.7","50,506","2,248","66.6","2.7"
"18 to 64 years","<= 400% of Poverty","Hispanic (any race)","Female Only","2017","20000","Kansas","74,882","1,296","24,076","2,066","32.2","2.7","50,806","2,191","67.8","2.7"
"18 to 64 years","<= 400% of Poverty","Hispanic (any race)","Female Only","2016","20000","Kansas","72,628","1,276","25,188","2,109","34.7","2.8","47,440","2,191","65.3","2.8"
"18 to 64 years","<= 400% of Poverty","Hispanic (any race)","Female Only","2015","20000","Kansas","73,134","1,160","25,593","2,110","35.0","2.8","47,541","2,189","65.0","2.8"
"18 to 64 years","<= 400% of Poverty","Hispanic (any race)","Female Only","2014","20000","Kansas","72,274","1,101","27,545","2,083","38.1","2.8","44,729","2,133","61.9","2.8"
"18 to 64 years","<= 400% of Poverty","Hispanic (any race)","Female Only","2013","20000","Kansas","70,873","1,051","30,592","2,115","43.2","2.9","40,281","2,122","56.8","2.9"
"18 to 64 years","<= 400% of Poverty","Hispanic (any race)","Female Only","2012","20000","Kansas","69,879","1,033","30,335","1,991","43.4","2.8","39,544","1,997","56.6","2.8"
"18 to 64 years","<= 400% of Poverty","Hispanic (any race)","Female Only","2011","20000","Kansas","68,545","1,033","31,071","2,018","45.3","2.8","37,475","2,003","54.7","2.8"
"18 to 64 years","<= 400% of Poverty","Hispanic (any race)","Female Only","2010","20000","Kansas","65,993","1,105","30,554","2,085","46.3","3.0","35,439","2,075","53.7","3.0"
"18 to 64 years","<= 400% of Poverty","Hispanic (any race)","Female Only","2009","20000","Kansas","55,761","1,031","25,579","1,868","45.9","3.2","30,182","1,864","54.1","3.2"
"18 to 64 years","<= 400% of Poverty","Hispanic (any race)","Female Only","2008","20000","Kansas","52,913","1,060","20,641","1,750","39.0","3.2","32,272","1,812","61.0","3.2"
"18 to 64 years","<= 400% of Poverty","Hispanic (any race)","Female Only","2018","21000","Kentucky","35,063","735","10,723","1,294","30.6","3.6","24,340","1,355","69.4","3.6"
"18 to 64 years","<= 400% of Poverty","Hispanic (any race)","Female Only","2017","21000","Kentucky","33,183","642","8,529","1,153","25.7","3.4","24,654","1,218","74.3","3.4"
"18 to 64 years","<= 400% of Poverty","Hispanic (any race)","Female Only","2016","21000","Kentucky","31,953","576","8,187","1,123","25.6","3.5","23,766","1,175","74.4","3.5"
"18 to 64 years","<= 400% of Poverty","Hispanic (any race)","Female Only","2015","21000","Kentucky","31,657","540","9,188","1,159","29.0","3.6","22,469","1,199","71.0","3.6"
"18 to 64 years","<= 400% of Poverty","Hispanic (any race)","Female Only","2014","21000","Kentucky","31,406","524","11,953","1,211","38.1","3.8","19,453","1,226","61.9","3.8"
"18 to 64 years","<= 400% of Poverty","Hispanic (any race)","Female Only","2013","21000","Kentucky","30,894","471","15,217","1,206","49.3","3.8","15,677","1,195","50.7","3.8"
"18 to 64 years","<= 400% of Poverty","Hispanic (any race)","Female Only","2012","21000","Kentucky","29,986","473","13,834","1,173","46.1","3.8","16,152","1,166","53.9","3.8"
"18 to 64 years","<= 400% of Poverty","Hispanic (any race)","Female Only","2011","21000","Kentucky","29,277","446","14,540","1,133","49.7","3.8","14,736","1,119","50.3","3.8"
"18 to 64 years","<= 400% of Poverty","Hispanic (any race)","Female Only","2010","21000","Kentucky","28,397","443","14,862","1,128","52.3","3.8","13,535","1,103","47.7","3.8"
"18 to 64 years","<= 400% of Poverty","Hispanic (any race)","Female Only","2009","21000","Kentucky","23,107","366","11,183","1,013","48.4","4.3","11,924","1,004","51.6","4.3"
"18 to 64 years","<= 400% of Poverty","Hispanic (any race)","Female Only","2008","21000","Kentucky","19,760","347","8,846","869","44.8","4.3","10,913","867","55.2","4.3"
"18 to 64 years","<= 400% of Poverty","Hispanic (any race)","Female Only","2018","22000","Louisiana","50,658","999","17,375","1,765","34.3","3.4","33,283","1,833","65.7","3.4"
"18 to 64 years","<= 400% of Poverty","Hispanic (any race)","Female Only","2017","22000","Louisiana","51,595","1,016","18,617","1,785","36.1","3.4","32,978","1,833","63.9","3.4"
"18 to 64 years","<= 400% of Poverty","Hispanic (any race)","Female Only","2016","22000","Louisiana","49,745","1,017","21,478","1,804","43.2","3.5","28,267","1,819","56.8","3.5"
"18 to 64 years","<= 400% of Poverty","Hispanic (any race)","Female Only","2015","22000","Louisiana","49,805","996","20,238","1,734","40.6","3.4","29,567","1,753","59.4","3.4"
"18 to 64 years","<= 400% of Poverty","Hispanic (any race)","Female Only","2014","22000","Louisiana","48,680","951","24,125","1,668","49.6","3.3","24,555","1,640","50.4","3.3"
"18 to 64 years","<= 400% of Poverty","Hispanic (any race)","Female Only","2013","22000","Louisiana","47,162","902","24,480","1,664","51.9","3.4","22,682","1,626","48.1","3.4"
"18 to 64 years","<= 400% of Poverty","Hispanic (any race)","Female Only","2012","22000","Louisiana","46,256","831","23,459","1,588","50.7","3.3","22,797","1,553","49.3","3.3"
"18 to 64 years","<= 400% of Poverty","Hispanic (any race)","Female Only","2011","22000","Louisiana","45,226","818","24,669","1,632","54.5","3.4","20,556","1,580","45.5","3.4"
"18 to 64 years","<= 400% of Poverty","Hispanic (any race)","Female Only","2010","22000","Louisiana","43,337","830","23,573","1,556","54.4","3.4","19,764","1,504","45.6","3.4"
"18 to 64 years","<= 400% of Poverty","Hispanic (any race)","Female Only","2009","22000","Louisiana","36,749","650","18,637","1,404","50.7","3.7","18,111","1,385","49.3","3.7"
"18 to 64 years","<= 400% of Poverty","Hispanic (any race)","Female Only","2008","22000","Louisiana","33,505","648","15,894","1,295","47.4","3.7","17,611","1,294","52.6","3.7"
"18 to 64 years","<= 400% of Poverty","Hispanic (any race)","Female Only","2018","23000","Maine","5,267","142","1,546","241","29.4","4.5","3,721","257","70.6","4.5"
"18 to 64 years","<= 400% of Poverty","Hispanic (any race)","Female Only","2017","23000","Maine","5,130","131","1,477","236","28.8","4.5","3,653","249","71.2","4.5"
"18 to 64 years","<= 400% of Poverty","Hispanic (any race)","Female Only","2016","23000","Maine","4,924","117","1,523","235","30.9","4.7","3,401","244","69.1","4.7"
"18 to 64 years","<= 400% of Poverty","Hispanic (any race)","Female Only","2015","23000","Maine","4,888","112","1,481","228","30.3","4.6","3,407","236","69.7","4.6"
"18 to 64 years","<= 400% of Poverty","Hispanic (any race)","Female Only","2014","23000","Maine","4,616","105","1,623","223","35.2","4.7","2,993","228","64.8","4.7"
"18 to 64 years","<= 400% of Poverty","Hispanic (any race)","Female Only","2013","23000","Maine","4,505","96","1,740","223","38.6","4.9","2,765","225","61.4","4.9"
"18 to 64 years","<= 400% of Poverty","Hispanic (any race)","Female Only","2012","23000","Maine","4,373","92","1,475","203","33.7","4.6","2,898","208","66.3","4.6"
"18 to 64 years","<= 400% of Poverty","Hispanic (any race)","Female Only","2011","23000","Maine","4,232","83","1,464","187","34.6","4.4","2,769","191","65.4","4.4"
"18 to 64 years","<= 400% of Poverty","Hispanic (any race)","Female Only","2010","23000","Maine","3,957","77","1,314","197","33.2","4.9","2,643","201","66.8","4.9"
"18 to 64 years","<= 400% of Poverty","Hispanic (any race)","Female Only","2009","23000","Maine","4,221","82","1,356","216","32.1","5.1","2,864","221","67.9","5.1"
"18 to 64 years","<= 400% of Poverty","Hispanic (any race)","Female Only","2008","23000","Maine","3,789","80","1,162","194","30.7","5.1","2,627","200","69.3","5.1"
"18 to 64 years","<= 400% of Poverty","Hispanic (any race)","Female Only","2018","24000","Maryland","120,436","2,552","39,484","3,110","32.8","2.5","80,952","3,411","67.2","2.5"
"18 to 64 years","<= 400% of Poverty","Hispanic (any race)","Female Only","2017","24000","Maryland","117,746","2,459","38,728","2,997","32.9","2.4","79,018","3,257","67.1","2.4"
"18 to 64 years","<= 400% of Poverty","Hispanic (any race)","Female Only","2016","24000","Maryland","114,727","2,367","36,910","2,981","32.2","2.5","77,817","3,252","67.8","2.5"
"18 to 64 years","<= 400% of Poverty","Hispanic (any race)","Female Only","2015","24000","Maryland","115,984","2,207","38,544","2,934","33.2","2.4","77,440","3,150","66.8","2.4"
"18 to 64 years","<= 400% of Poverty","Hispanic (any race)","Female Only","2014","24000","Maryland","114,317","2,203","43,189","3,040","37.8","2.5","71,128","3,201","62.2","2.5"
"18 to 64 years","<= 400% of Poverty","Hispanic (any race)","Female Only","2013","24000","Maryland","111,086","2,157","47,413","3,059","42.7","2.6","63,673","3,116","57.3","2.6"
"18 to 64 years","<= 400% of Poverty","Hispanic (any race)","Female Only","2012","24000","Maryland","108,771","2,138","52,534","3,009","48.3","2.6","56,237","2,962","51.7","2.6"
"18 to 64 years","<= 400% of Poverty","Hispanic (any race)","Female Only","2011","24000","Maryland","105,707","2,195","48,235","3,089","45.6","2.7","57,472","3,073","54.4","2.7"
"18 to 64 years","<= 400% of Poverty","Hispanic (any race)","Female Only","2010","24000","Maryland","100,957","2,418","49,487","3,038","49.0","2.7","51,469","2,998","51.0","2.7"
"18 to 64 years","<= 400% of Poverty","Hispanic (any race)","Female Only","2009","24000","Maryland","79,938","2,214","40,707","2,585","50.9","2.9","39,231","2,533","49.1","2.9"
"18 to 64 years","<= 400% of Poverty","Hispanic (any race)","Female Only","2008","24000","Maryland","75,656","1,987","38,051","2,390","50.3","2.9","37,605","2,369","49.7","2.9"
"18 to 64 years","<= 400% of Poverty","Hispanic (any race)","Female Only","2018","25000","Massachusetts","187,508","3,651","15,675","2,002","8.4","1.1","171,833","3,901","91.6","1.1"
"18 to 64 years","<= 400% of Poverty","Hispanic (any race)","Female Only","2017","25000","Massachusetts","182,635","3,288","13,967","1,723","7.6","0.9","168,668","3,491","92.4","0.9"
"18 to 64 years","<= 400% of Poverty","Hispanic (any race)","Female Only","2016","25000","Massachusetts","178,480","3,077","12,767","1,628","7.2","0.9","165,713","3,306","92.8","0.9"
"18 to 64 years","<= 400% of Poverty","Hispanic (any race)","Female Only","2015","25000","Massachusetts","179,927","2,781","14,220","1,777","7.9","1.0","165,707","3,133","92.1","1.0"
"18 to 64 years","<= 400% of Poverty","Hispanic (any race)","Female Only","2014","25000","Massachusetts","179,838","2,560","16,294","1,967","9.1","1.1","163,544","3,054","90.9","1.1"
"18 to 64 years","<= 400% of Poverty","Hispanic (any race)","Female Only","2013","25000","Massachusetts","173,391","2,556","18,793","2,147","10.8","1.2","154,598","3,137","89.2","1.2"
"18 to 64 years","<= 400% of Poverty","Hispanic (any race)","Female Only","2012","25000","Massachusetts","169,009","2,420","17,628","1,948","10.4","1.1","151,381","2,914","89.6","1.1"
"18 to 64 years","<= 400% of Poverty","Hispanic (any race)","Female Only","2011","25000","Massachusetts","163,350","2,504","19,752","2,160","12.1","1.3","143,598","3,085","87.9","1.3"
"18 to 64 years","<= 400% of Poverty","Hispanic (any race)","Female Only","2010","25000","Massachusetts","155,504","2,642","20,569","2,281","13.2","1.4","134,935","3,215","86.8","1.4"
"18 to 64 years","<= 400% of Poverty","Hispanic (any race)","Female Only","2009","25000","Massachusetts","134,580","2,895","17,453","2,092","13.0","1.5","117,127","3,242","87.0","1.5"
"18 to 64 years","<= 400% of Poverty","Hispanic (any race)","Female Only","2008","25000","Massachusetts","129,540","2,757","13,117","1,666","10.1","1.3","116,424","2,968","89.9","1.3"
"18 to 64 years","<= 400% of Poverty","Hispanic (any race)","Female Only","2018","26000","Michigan","112,296","1,941","19,876","2,076","17.7","1.8","92,420","2,587","82.3","1.8"
"18 to 64 years","<= 400% of Poverty","Hispanic (any race)","Female Only","2017","26000","Michigan","110,904","1,742","18,502","1,948","16.7","1.7","92,402","2,403","83.3","1.7"
"18 to 64 years","<= 400% of Poverty","Hispanic (any race)","Female Only","2016","26000","Michigan","109,324","1,629","20,685","2,039","18.9","1.8","88,639","2,400","81.1","1.8"
"18 to 64 years","<= 400% of Poverty","Hispanic (any race)","Female Only","2015","26000","Michigan","108,574","1,529","21,161","2,049","19.5","1.9","87,413","2,352","80.5","1.9"
"18 to 64 years","<= 400% of Poverty","Hispanic (any race)","Female Only","2014","26000","Michigan","107,431","1,487","30,405","2,453","28.3","2.2","77,026","2,623","71.7","2.2"
"18 to 64 years","<= 400% of Poverty","Hispanic (any race)","Female Only","2013","26000","Michigan","104,094","1,470","34,416","2,536","33.1","2.4","69,678","2,658","66.9","2.4"
"18 to 64 years","<= 400% of Poverty","Hispanic (any race)","Female Only","2012","26000","Michigan","102,756","1,394","32,840","2,362","32.0","2.2","69,916","2,475","68.0","2.2"
"18 to 64 years","<= 400% of Poverty","Hispanic (any race)","Female Only","2011","26000","Michigan","100,996","1,394","32,958","2,450","32.6","2.4","68,039","2,565","67.4","2.4"
"18 to 64 years","<= 400% of Poverty","Hispanic (any race)","Female Only","2010","26000","Michigan","97,456","1,401","34,660","2,478","35.6","2.5","62,796","2,571","64.4","2.5"
"18 to 64 years","<= 400% of Poverty","Hispanic (any race)","Female Only","2009","26000","Michigan","91,766","1,512","32,412","2,445","35.3","2.6","59,355","2,569","64.7","2.6"
"18 to 64 years","<= 400% of Poverty","Hispanic (any race)","Female Only","2008","26000","Michigan","86,460","1,593","29,075","2,236","33.6","2.5","57,385","2,386","66.4","2.5"
"18 to 64 years","<= 400% of Poverty","Hispanic (any race)","Female Only","2018","27000","Minnesota","62,229","1,375","14,836","1,630","23.8","2.6","47,393","1,891","76.2","2.6"
"18 to 64 years","<= 400% of Poverty","Hispanic (any race)","Female Only","2017","27000","Minnesota","61,691","1,288","14,512","1,617","23.5","2.6","47,179","1,857","76.5","2.6"
"18 to 64 years","<= 400% of Poverty","Hispanic (any race)","Female Only","2016","27000","Minnesota","59,503","1,219","13,785","1,574","23.2","2.6","45,718","1,793","76.8","2.6"
"18 to 64 years","<= 400% of Poverty","Hispanic (any race)","Female Only","2015","27000","Minnesota","59,134","1,157","15,674","1,689","26.5","2.8","43,460","1,846","73.5","2.8"
"18 to 64 years","<= 400% of Poverty","Hispanic (any race)","Female Only","2014","27000","Minnesota","58,675","1,070","18,834","1,751","32.1","2.9","39,841","1,844","67.9","2.9"
"18 to 64 years","<= 400% of Poverty","Hispanic (any race)","Female Only","2013","27000","Minnesota","57,146","1,037","21,760","1,792","38.1","3.0","35,386","1,848","61.9","3.0"
"18 to 64 years","<= 400% of Poverty","Hispanic (any race)","Female Only","2012","27000","Minnesota","55,578","991","20,356","1,727","36.6","3.0","35,221","1,784","63.4","3.0"
"18 to 64 years","<= 400% of Poverty","Hispanic (any race)","Female Only","2011","27000","Minnesota","55,109","994","22,258","1,758","40.4","3.1","32,851","1,794","59.6","3.1"
"18 to 64 years","<= 400% of Poverty","Hispanic (any race)","Female Only","2010","27000","Minnesota","53,134","1,049","21,016","1,790","39.6","3.3","32,118","1,837","60.4","3.3"
"18 to 64 years","<= 400% of Poverty","Hispanic (any race)","Female Only","2009","27000","Minnesota","44,290","971","17,700","1,522","40.0","3.3","26,590","1,570","60.0","3.3"
"18 to 64 years","<= 400% of Poverty","Hispanic (any race)","Female Only","2008","27000","Minnesota","41,842","983","15,777","1,445","37.7","3.3","26,064","1,510","62.3","3.3"
"18 to 64 years","<= 400% of Poverty","Hispanic (any race)","Female Only","2018","28000","Mississippi","20,199","369","8,610","911","42.6","4.4","11,589","911","57.4","4.4"
"18 to 64 years","<= 400% of Poverty","Hispanic (any race)","Female Only","2017","28000","Mississippi","19,498","335","8,335","916","42.7","4.6","11,163","913","57.3","4.6"
"18 to 64 years","<= 400% of Poverty","Hispanic (any race)","Female Only","2016","28000","Mississippi","19,056","315","8,009","860","42.0","4.4","11,047","858","58.0","4.4"
"18 to 64 years","<= 400% of Poverty","Hispanic (any race)","Female Only","2015","28000","Mississippi","19,573","299","9,062","873","46.3","4.4","10,511","869","53.7","4.4"
"18 to 64 years","<= 400% of Poverty","Hispanic (any race)","Female Only","2014","28000","Mississippi","19,067","286","9,169","835","48.1","4.3","9,898","827","51.9","4.3"
"18 to 64 years","<= 400% of Poverty","Hispanic (any race)","Female Only","2013","28000","Mississippi","18,541","259","9,098","797","49.1","4.2","9,443","790","50.9","4.2"
"18 to 64 years","<= 400% of Poverty","Hispanic (any race)","Female Only","2012","28000","Mississippi","18,379","254","9,700","785","52.8","4.2","8,679","775","47.2","4.2"
"18 to 64 years","<= 400% of Poverty","Hispanic (any race)","Female Only","2011","28000","Mississippi","18,317","247","9,695","796","52.9","4.3","8,621","784","47.1","4.3"
"18 to 64 years","<= 400% of Poverty","Hispanic (any race)","Female Only","2010","28000","Mississippi","17,485","244","9,746","792","55.7","4.4","7,739","779","44.3","4.4"
"18 to 64 years","<= 400% of Poverty","Hispanic (any race)","Female Only","2009","28000","Mississippi","14,817","207","7,526","709","50.8","4.7","7,291","703","49.2","4.7"
"18 to 64 years","<= 400% of Poverty","Hispanic (any race)","Female Only","2008","28000","Mississippi","12,800","192","6,767","596","52.9","4.6","6,033","590","47.1","4.6"
"18 to 64 years","<= 400% of Poverty","Hispanic (any race)","Female Only","2018","29000","Missouri","54,859","1,169","19,230","1,828","35.1","3.2","35,629","1,908","64.9","3.2"
"18 to 64 years","<= 400% of Poverty","Hispanic (any race)","Female Only","2017","29000","Missouri","54,489","1,096","18,321","1,766","33.6","3.2","36,168","1,850","66.4","3.2"
"18 to 64 years","<= 400% of Poverty","Hispanic (any race)","Female Only","2016","29000","Missouri","53,434","1,010","18,673","1,699","34.9","3.1","34,761","1,768","65.1","3.1"
"18 to 64 years","<= 400% of Poverty","Hispanic (any race)","Female Only","2015","29000","Missouri","53,390","958","18,058","1,653","33.8","3.0","35,332","1,725","66.2","3.0"
"18 to 64 years","<= 400% of Poverty","Hispanic (any race)","Female Only","2014","29000","Missouri","52,499","935","20,624","1,747","39.3","3.2","31,875","1,774","60.7","3.2"
"18 to 64 years","<= 400% of Poverty","Hispanic (any race)","Female Only","2013","29000","Missouri","51,221","862","22,379","1,732","43.7","3.3","28,842","1,740","56.3","3.3"
"18 to 64 years","<= 400% of Poverty","Hispanic (any race)","Female Only","2012","29000","Missouri","49,564","834","22,519","1,645","45.4","3.2","27,045","1,642","54.6","3.2"
"18 to 64 years","<= 400% of Poverty","Hispanic (any race)","Female Only","2011","29000","Missouri","49,108","800","22,527","1,593","45.9","3.1","26,580","1,582","54.1","3.1"
"18 to 64 years","<= 400% of Poverty","Hispanic (any race)","Female Only","2010","29000","Missouri","47,428","807","21,247","1,614","44.8","3.3","26,181","1,614","55.2","3.3"
"18 to 64 years","<= 400% of Poverty","Hispanic (any race)","Female Only","2009","29000","Missouri","43,200","815","19,180","1,583","44.4","3.5","24,020","1,586","55.6","3.5"
"18 to 64 years","<= 400% of Poverty","Hispanic (any race)","Female Only","2008","29000","Missouri","39,400","758","17,629","1,440","44.7","3.5","21,771","1,442","55.3","3.5"
"18 to 64 years","<= 400% of Poverty","Hispanic (any race)","Female Only","2018","30000","Montana","9,535","234","2,373","366","24.9","3.8","7,162","402","75.1","3.8"
"18 to 64 years","<= 400% of Poverty","Hispanic (any race)","Female Only","2017","30000","Montana","8,977","198","2,300","352","25.6","3.9","6,677","376","74.4","3.9"
"18 to 64 years","<= 400% of Poverty","Hispanic (any race)","Female Only","2016","30000","Montana","8,744","198","2,737","418","31.3","4.7","6,007","431","68.7","4.7"
"18 to 64 years","<= 400% of Poverty","Hispanic (any race)","Female Only","2015","30000","Montana","8,670","193","3,491","426","40.3","4.8","5,179","427","59.7","4.8"
"18 to 64 years","<= 400% of Poverty","Hispanic (any race)","Female Only","2014","30000","Montana","8,376","173","3,818","405","45.6","4.7","4,558","404","54.4","4.7"
"18 to 64 years","<= 400% of Poverty","Hispanic (any race)","Female Only","2013","30000","Montana","7,831","161","4,049","374","51.7","4.6","3,782","369","48.3","4.6"
"18 to 64 years","<= 400% of Poverty","Hispanic (any race)","Female Only","2012","30000","Montana","7,400","148","3,880","347","52.4","4.5","3,519","342","47.6","4.5"
"18 to 64 years","<= 400% of Poverty","Hispanic (any race)","Female Only","2011","30000","Montana","7,164","131","3,737","329","52.2","4.5","3,426","323","47.8","4.5"
"18 to 64 years","<= 400% of Poverty","Hispanic (any race)","Female Only","2010","30000","Montana","6,689","120","3,274","342","48.9","5.0","3,415","339","51.1","5.0"
"18 to 64 years","<= 400% of Poverty","Hispanic (any race)","Female Only","2009","30000","Montana","7,084","124","3,493","398","49.3","5.5","3,591","396","50.7","5.5"
"18 to 64 years","<= 400% of Poverty","Hispanic (any race)","Female Only","2008","30000","Montana","6,558","131","3,399","364","51.8","5.4","3,159","361","48.2","5.4"
"18 to 64 years","<= 400% of Poverty","Hispanic (any race)","Female Only","2018","31000","Nebraska","44,892","932","13,639","1,390","30.4","3.0","31,253","1,494","69.6","3.0"
"18 to 64 years","<= 400% of Poverty","Hispanic (any race)","Female Only","2017","31000","Nebraska","44,483","878","15,169","1,475","34.1","3.2","29,314","1,540","65.9","3.2"
"18 to 64 years","<= 400% of Poverty","Hispanic (any race)","Female Only","2016","31000","Nebraska","43,164","831","14,783","1,432","34.2","3.2","28,381","1,491","65.8","3.2"
"18 to 64 years","<= 400% of Poverty","Hispanic (any race)","Female Only","2015","31000","Nebraska","42,536","763","13,765","1,383","32.4","3.2","28,771","1,442","67.6","3.2"
"18 to 64 years","<= 400% of Poverty","Hispanic (any race)","Female Only","2014","31000","Nebraska","42,011","719","15,617","1,377","37.2","3.2","26,394","1,408","62.8","3.2"
"18 to 64 years","<= 400% of Poverty","Hispanic (any race)","Female Only","2013","31000","Nebraska","40,447","702","16,427","1,395","40.6","3.4","24,020","1,411","59.4","3.4"
"18 to 64 years","<= 400% of Poverty","Hispanic (any race)","Female Only","2012","31000","Nebraska","39,399","663","17,284","1,364","43.9","3.4","22,114","1,367","56.1","3.4"
"18 to 64 years","<= 400% of Poverty","Hispanic (any race)","Female Only","2011","31000","Nebraska","38,122","651","16,559","1,366","43.4","3.5","21,562","1,367","56.6","3.5"
"18 to 64 years","<= 400% of Poverty","Hispanic (any race)","Female Only","2010","31000","Nebraska","36,581","676","15,895","1,329","43.5","3.5","20,686","1,330","56.5","3.5"
"18 to 64 years","<= 400% of Poverty","Hispanic (any race)","Female Only","2009","31000","Nebraska","30,207","601","13,389","1,174","44.3","3.8","16,818","1,182","55.7","3.8"
"18 to 64 years","<= 400% of Poverty","Hispanic (any race)","Female Only","2008","31000","Nebraska","27,783","584","11,570","1,065","41.6","3.7","16,213","1,080","58.4","3.7"
"18 to 64 years","<= 400% of Poverty","Hispanic (any race)","Female Only","2018","32000","Nevada","208,415","3,023","59,826","4,052","28.7","1.9","148,589","4,454","71.3","1.9"
"18 to 64 years","<= 400% of Poverty","Hispanic (any race)","Female Only","2017","32000","Nevada","206,377","2,905","56,225","3,990","27.2","1.9","150,152","4,423","72.8","1.9"
"18 to 64 years","<= 400% of Poverty","Hispanic (any race)","Female Only","2016","32000","Nevada","203,339","2,693","61,644","4,203","30.3","2.0","141,695","4,469","69.7","2.0"
"18 to 64 years","<= 400% of Poverty","Hispanic (any race)","Female Only","2015","32000","Nevada","199,953","2,323","63,502","4,011","31.8","2.0","136,451","4,215","68.2","2.0"
"18 to 64 years","<= 400% of Poverty","Hispanic (any race)","Female Only","2014","32000","Nevada","195,914","2,191","68,143","4,052","34.8","2.0","127,771","4,207","65.2","2.0"
"18 to 64 years","<= 400% of Poverty","Hispanic (any race)","Female Only","2013","32000","Nevada","187,525","2,127","83,725","4,212","44.6","2.2","103,800","4,213","55.4","2.2"
"18 to 64 years","<= 400% of Poverty","Hispanic (any race)","Female Only","2012","32000","Nevada","183,311","2,076","88,606","3,966","48.3","2.1","94,706","3,934","51.7","2.1"
"18 to 64 years","<= 400% of Poverty","Hispanic (any race)","Female Only","2011","32000","Nevada","177,932","2,247","82,483","4,296","46.4","2.3","95,449","4,267","53.6","2.3"
"18 to 64 years","<= 400% of Poverty","Hispanic (any race)","Female Only","2010","32000","Nevada","169,638","2,415","81,049","4,134","47.8","2.3","88,589","4,105","52.2","2.3"
"18 to 64 years","<= 400% of Poverty","Hispanic (any race)","Female Only","2009","32000","Nevada","149,747","2,779","73,390","3,947","49.0","2.5","76,357","3,914","51.0","2.5"
"18 to 64 years","<= 400% of Poverty","Hispanic (any race)","Female Only","2008","32000","Nevada","140,737","2,745","65,352","3,684","46.4","2.4","75,385","3,711","53.6","2.4"
"18 to 64 years","<= 400% of Poverty","Hispanic (any race)","Female Only","2018","33000","New Hampshire","10,595","400","2,570","402","24.3","3.7","8,025","493","75.7","3.7"
"18 to 64 years","<= 400% of Poverty","Hispanic (any race)","Female Only","2017","33000","New Hampshire","10,004","377","2,460","410","24.6","4.0","7,544","485","75.4","4.0"
"18 to 64 years","<= 400% of Poverty","Hispanic (any race)","Female Only","2016","33000","New Hampshire","9,616","346","2,523","428","26.2","4.3","7,093","489","73.8","4.3"
"18 to 64 years","<= 400% of Poverty","Hispanic (any race)","Female Only","2015","33000","New Hampshire","9,606","322","2,615","406","27.2","4.1","6,991","459","72.8","4.1"
"18 to 64 years","<= 400% of Poverty","Hispanic (any race)","Female Only","2014","33000","New Hampshire","9,287","302","3,344","441","36.0","4.6","5,943","463","64.0","4.6"
"18 to 64 years","<= 400% of Poverty","Hispanic (any race)","Female Only","2013","33000","New Hampshire","9,114","282","3,746","437","41.1","4.6","5,368","446","58.9","4.6"
"18 to 64 years","<= 400% of Poverty","Hispanic (any race)","Female Only","2012","33000","New Hampshire","8,663","270","3,561","412","41.1","4.5","5,102","421","58.9","4.5"
"18 to 64 years","<= 400% of Poverty","Hispanic (any race)","Female Only","2011","33000","New Hampshire","8,329","250","3,560","391","42.7","4.5","4,768","396","57.3","4.5"
"18 to 64 years","<= 400% of Poverty","Hispanic (any race)","Female Only","2010","33000","New Hampshire","7,959","245","3,451","405","43.4","4.9","4,508","409","56.6","4.9"
"18 to 64 years","<= 400% of Poverty","Hispanic (any race)","Female Only","2009","33000","New Hampshire","7,785","231","2,962","410","38.0","5.1","4,824","423","62.0","5.1"
"18 to 64 years","<= 400% of Poverty","Hispanic (any race)","Female Only","2008","33000","New Hampshire","7,146","240","2,651","385","37.1","5.2","4,495","400","62.9","5.2"
"18 to 64 years","<= 400% of Poverty","Hispanic (any race)","Female Only","2018","34000","New Jersey","382,191","5,495","104,342","6,272","27.3","1.6","277,849","7,157","72.7","1.6"
"18 to 64 years","<= 400% of Poverty","Hispanic (any race)","Female Only","2017","34000","New Jersey","392,043","5,358","112,685","6,194","28.7","1.5","279,358","7,020","71.3","1.5"
"18 to 64 years","<= 400% of Poverty","Hispanic (any race)","Female Only","2016","34000","New Jersey","388,062","4,921","113,035","6,132","29.1","1.5","275,027","6,790","70.9","1.5"
"18 to 64 years","<= 400% of Poverty","Hispanic (any race)","Female Only","2015","34000","New Jersey","392,755","4,514","114,107","6,060","29.1","1.5","278,648","6,602","70.9","1.5"
"18 to 64 years","<= 400% of Poverty","Hispanic (any race)","Female Only","2014","34000","New Jersey","394,432","4,203","142,573","6,242","36.1","1.5","251,859","6,549","63.9","1.5"
"18 to 64 years","<= 400% of Poverty","Hispanic (any race)","Female Only","2013","34000","New Jersey","386,403","4,270","166,997","6,707","43.2","1.7","219,406","6,793","56.8","1.7"
"18 to 64 years","<= 400% of Poverty","Hispanic (any race)","Female Only","2012","34000","New Jersey","377,945","4,368","157,376","6,375","41.6","1.6","220,569","6,530","58.4","1.6"
"18 to 64 years","<= 400% of Poverty","Hispanic (any race)","Female Only","2011","34000","New Jersey","371,448","4,623","158,311","6,592","42.6","1.7","213,137","6,674","57.4","1.7"
"18 to 64 years","<= 400% of Poverty","Hispanic (any race)","Female Only","2010","34000","New Jersey","362,182","4,811","150,922","6,431","41.7","1.7","211,260","6,674","58.3","1.7"
"18 to 64 years","<= 400% of Poverty","Hispanic (any race)","Female Only","2009","34000","New Jersey","313,080","5,476","130,753","6,055","41.8","1.8","182,327","6,383","58.2","1.8"
"18 to 64 years","<= 400% of Poverty","Hispanic (any race)","Female Only","2008","34000","New Jersey","310,627","5,342","123,950","5,809","39.9","1.7","186,678","6,237","60.1","1.7"
"18 to 64 years","<= 400% of Poverty","Hispanic (any race)","Female Only","2018","35000","New Mexico","239,086","3,127","43,073","3,655","18.0","1.5","196,013","4,438","82.0","1.5"
"18 to 64 years","<= 400% of Poverty","Hispanic (any race)","Female Only","2017","35000","New Mexico","234,679","2,980","40,652","3,503","17.3","1.5","194,027","4,236","82.7","1.5"
"18 to 64 years","<= 400% of Poverty","Hispanic (any race)","Female Only","2016","35000","New Mexico","234,630","2,834","41,744","3,580","17.8","1.5","192,886","4,194","82.2","1.5"
"18 to 64 years","<= 400% of Poverty","Hispanic (any race)","Female Only","2015","35000","New Mexico","232,221","2,654","48,344","3,770","20.8","1.6","183,877","4,257","79.2","1.6"
"18 to 64 years","<= 400% of Poverty","Hispanic (any race)","Female Only","2014","35000","New Mexico","234,839","2,528","67,784","4,274","28.9","1.8","167,055","4,558","71.1","1.8"
"18 to 64 years","<= 400% of Poverty","Hispanic (any race)","Female Only","2013","35000","New Mexico","233,961","2,488","88,799","4,612","38.0","1.9","145,162","4,705","62.0","1.9"
"18 to 64 years","<= 400% of Poverty","Hispanic (any race)","Female Only","2012","35000","New Mexico","233,744","2,532","85,123","4,413","36.4","1.8","148,620","4,558","63.6","1.8"
"18 to 64 years","<= 400% of Poverty","Hispanic (any race)","Female Only","2011","35000","New Mexico","234,975","2,637","90,641","4,696","38.6","1.9","144,334","4,794","61.4","1.9"
"18 to 64 years","<= 400% of Poverty","Hispanic (any race)","Female Only","2010","35000","New Mexico","226,270","2,804","83,557","4,500","36.9","1.9","142,713","4,659","63.1","1.9"
"18 to 64 years","<= 400% of Poverty","Hispanic (any race)","Female Only","2009","35000","New Mexico","217,697","3,101","79,465","4,575","36.5","2.0","138,231","4,819","63.5","2.0"
"18 to 64 years","<= 400% of Poverty","Hispanic (any race)","Female Only","2008","35000","New Mexico","211,112","2,979","83,289","4,375","39.5","2.0","127,823","4,556","60.5","2.0"
"18 to 64 years","<= 400% of Poverty","Hispanic (any race)","Female Only","2018","36000","New York","853,900","8,140","123,090","7,406","14.4","0.9","730,810","10,146","85.6","0.9"
"18 to 64 years","<= 400% of Poverty","Hispanic (any race)","Female Only","2017","36000","New York","879,445","8,220","129,310","7,592","14.7","0.9","750,135","10,217","85.3","0.9"
"18 to 64 years","<= 400% of Poverty","Hispanic (any race)","Female Only","2016","36000","New York","886,064","7,407","141,232","7,820","15.9","0.9","744,832","9,867","84.1","0.9"
"18 to 64 years","<= 400% of Poverty","Hispanic (any race)","Female Only","2015","36000","New York","898,016","6,664","165,901","8,279","18.5","0.9","732,115","9,789","81.5","0.9"
"18 to 64 years","<= 400% of Poverty","Hispanic (any race)","Female Only","2014","36000","New York","906,724","6,217","210,533","9,119","23.2","1.0","696,191","10,246","76.8","1.0"
"18 to 64 years","<= 400% of Poverty","Hispanic (any race)","Female Only","2013","36000","New York","893,144","6,322","243,315","10,040","27.2","1.1","649,829","10,902","72.8","1.1"
"18 to 64 years","<= 400% of Poverty","Hispanic (any race)","Female Only","2012","36000","New York","894,449","6,743","250,893","9,509","28.0","1.0","643,557","10,525","72.0","1.0"
"18 to 64 years","<= 400% of Poverty","Hispanic (any race)","Female Only","2011","36000","New York","881,531","7,305","255,016","9,955","28.9","1.1","626,515","11,013","71.1","1.1"
"18 to 64 years","<= 400% of Poverty","Hispanic (any race)","Female Only","2010","36000","New York","852,742","7,493","254,306","9,737","29.8","1.1","598,437","10,787","70.2","1.1"
"18 to 64 years","<= 400% of Poverty","Hispanic (any race)","Female Only","2009","36000","New York","788,369","8,573","223,106","9,433","28.3","1.2","565,263","10,972","71.7","1.2"
"18 to 64 years","<= 400% of Poverty","Hispanic (any race)","Female Only","2008","36000","New York","791,412","8,480","220,453","9,181","27.9","1.1","570,959","10,776","72.1","1.1"
"18 to 64 years","<= 400% of Poverty","Hispanic (any race)","Female Only","2018","37000","North Carolina","220,738","2,988","99,892","4,912","45.3","2.1","120,846","4,861","54.7","2.1"
"18 to 64 years","<= 400% of Poverty","Hispanic (any race)","Female Only","2017","37000","North Carolina","216,498","2,833","97,982","4,835","45.3","2.1","118,516","4,802","54.7","2.1"
"18 to 64 years","<= 400% of Poverty","Hispanic (any race)","Female Only","2016","37000","North Carolina","208,644","2,604","95,834","4,818","45.9","2.2","112,810","4,777","54.1","2.2"
"18 to 64 years","<= 400% of Poverty","Hispanic (any race)","Female Only","2015","37000","North Carolina","209,296","2,224","100,395","4,698","48.0","2.2","108,901","4,644","52.0","2.2"
"18 to 64 years","<= 400% of Poverty","Hispanic (any race)","Female Only","2014","37000","North Carolina","206,065","2,084","105,724","4,654","51.3","2.2","100,341","4,564","48.7","2.2"
"18 to 64 years","<= 400% of Poverty","Hispanic (any race)","Female Only","2013","37000","North Carolina","200,924","2,007","115,638","4,590","57.6","2.2","85,286","4,442","42.4","2.2"
"18 to 64 years","<= 400% of Poverty","Hispanic (any race)","Female Only","2012","37000","North Carolina","196,808","1,968","119,324","4,335","60.6","2.1","77,485","4,179","39.4","2.1"
"18 to 64 years","<= 400% of Poverty","Hispanic (any race)","Female Only","2011","37000","North Carolina","192,375","2,151","115,020","4,638","59.8","2.3","77,354","4,452","40.2","2.3"
"18 to 64 years","<= 400% of Poverty","Hispanic (any race)","Female Only","2010","37000","North Carolina","185,907","2,284","109,754","4,394","59.0","2.2","76,153","4,186","41.0","2.2"
"18 to 64 years","<= 400% of Poverty","Hispanic (any race)","Female Only","2009","37000","North Carolina","143,214","1,901","86,279","3,592","60.2","2.4","56,935","3,434","39.8","2.4"
"18 to 64 years","<= 400% of Poverty","Hispanic (any race)","Female Only","2008","37000","North Carolina","136,574","1,982","81,106","3,442","59.4","2.4","55,468","3,296","40.6","2.4"
"18 to 64 years","<= 400% of Poverty","Hispanic (any race)","Female Only","2018","38000","North Dakota","5,582","197","1,431","257","25.6","4.5","4,151","288","74.4","4.5"
"18 to 64 years","<= 400% of Poverty","Hispanic (any race)","Female Only","2017","38000","North Dakota","5,424","178","1,471","257","27.1","4.6","3,953","282","72.9","4.6"
"18 to 64 years","<= 400% of Poverty","Hispanic (any race)","Female Only","2016","38000","North Dakota","5,277","184","1,444","266","27.4","4.9","3,833","289","72.6","4.9"
"18 to 64 years","<= 400% of Poverty","Hispanic (any race)","Female Only","2015","38000","North Dakota","5,146","194","1,549","270","30.1","5.1","3,597","294","69.9","5.1"
"18 to 64 years","<= 400% of Poverty","Hispanic (any race)","Female Only","2014","38000","North Dakota","4,554","173","1,513","241","33.2","5.1","3,041","257","66.8","5.1"
"18 to 64 years","<= 400% of Poverty","Hispanic (any race)","Female Only","2013","38000","North Dakota","4,205","139","1,653","228","39.3","5.2","2,552","234","60.7","5.2"
"18 to 64 years","<= 400% of Poverty","Hispanic (any race)","Female Only","2012","38000","North Dakota","3,541","109","1,244","172","35.1","4.7","2,298","180","64.9","4.7"
"18 to 64 years","<= 400% of Poverty","Hispanic (any race)","Female Only","2011","38000","North Dakota","3,236","84","1,275","172","39.4","5.2","1,961","174","60.6","5.2"
"18 to 64 years","<= 400% of Poverty","Hispanic (any race)","Female Only","2010","38000","North Dakota","2,777","67","1,054","155","37.9","5.5","1,724","157","62.1","5.5"
"18 to 64 years","<= 400% of Poverty","Hispanic (any race)","Female Only","2009","38000","North Dakota","3,199","78","1,129","185","35.3","5.7","2,070","188","64.7","5.7"
"18 to 64 years","<= 400% of Poverty","Hispanic (any race)","Female Only","2008","38000","North Dakota","2,829","66","983","164","34.7","5.7","1,846","167","65.3","5.7"
"18 to 64 years","<= 400% of Poverty","Hispanic (any race)","Female Only","2018","39000","Ohio","97,196","1,834","22,633","2,324","23.3","2.3","74,563","2,654","76.7","2.3"
"18 to 64 years","<= 400% of Poverty","Hispanic (any race)","Female Only","2017","39000","Ohio","92,657","1,669","20,013","2,074","21.6","2.2","72,644","2,408","78.4","2.2"
"18 to 64 years","<= 400% of Poverty","Hispanic (any race)","Female Only","2016","39000","Ohio","89,886","1,574","20,314","2,127","22.6","2.3","69,572","2,398","77.4","2.3"
"18 to 64 years","<= 400% of Poverty","Hispanic (any race)","Female Only","2015","39000","Ohio","89,931","1,452","21,220","2,121","23.6","2.3","68,711","2,363","76.4","2.3"
"18 to 64 years","<= 400% of Poverty","Hispanic (any race)","Female Only","2014","39000","Ohio","87,229","1,409","23,715","2,207","27.2","2.5","63,514","2,379","72.8","2.5"
"18 to 64 years","<= 400% of Poverty","Hispanic (any race)","Female Only","2013","39000","Ohio","86,088","1,266","30,258","2,355","35.1","2.7","55,830","2,433","64.9","2.7"
"18 to 64 years","<= 400% of Poverty","Hispanic (any race)","Female Only","2012","39000","Ohio","83,859","1,195","28,487","2,214","34.0","2.6","55,372","2,295","66.0","2.6"
"18 to 64 years","<= 400% of Poverty","Hispanic (any race)","Female Only","2011","39000","Ohio","81,658","1,192","29,838","2,273","36.5","2.7","51,820","2,326","63.5","2.7"
"18 to 64 years","<= 400% of Poverty","Hispanic (any race)","Female Only","2010","39000","Ohio","79,633","1,187","29,349","2,250","36.9","2.8","50,284","2,314","63.1","2.8"
"18 to 64 years","<= 400% of Poverty","Hispanic (any race)","Female Only","2009","39000","Ohio","70,113","1,232","27,254","2,140","38.9","3.0","42,859","2,198","61.1","3.0"
"18 to 64 years","<= 400% of Poverty","Hispanic (any race)","Female Only","2008","39000","Ohio","63,815","1,211","23,320","1,937","36.5","2.9","40,496","2,023","63.5","2.9"
"18 to 64 years","<= 400% of Poverty","Hispanic (any race)","Female Only","2018","40000","Oklahoma","93,616","1,384","38,103","2,304","40.7","2.4","55,513","2,325","59.3","2.4"
"18 to 64 years","<= 400% of Poverty","Hispanic (any race)","Female Only","2017","40000","Oklahoma","89,402","1,380","36,627","2,285","41.0","2.5","52,775","2,322","59.0","2.5"
"18 to 64 years","<= 400% of Poverty","Hispanic (any race)","Female Only","2016","40000","Oklahoma","87,750","1,250","39,363","2,248","44.9","2.5","48,387","2,237","55.1","2.5"
"18 to 64 years","<= 400% of Poverty","Hispanic (any race)","Female Only","2015","40000","Oklahoma","86,331","1,177","37,329","2,149","43.2","2.4","49,002","2,155","56.8","2.4"
"18 to 64 years","<= 400% of Poverty","Hispanic (any race)","Female Only","2014","40000","Oklahoma","84,993","1,062","39,252","2,139","46.2","2.4","45,741","2,136","53.8","2.4"
"18 to 64 years","<= 400% of Poverty","Hispanic (any race)","Female Only","2013","40000","Oklahoma","82,075","1,040","43,022","2,136","52.4","2.5","39,053","2,091","47.6","2.5"
"18 to 64 years","<= 400% of Poverty","Hispanic (any race)","Female Only","2012","40000","Oklahoma","79,494","962","43,863","1,960","55.2","2.4","35,631","1,908","44.8","2.4"
"18 to 64 years","<= 400% of Poverty","Hispanic (any race)","Female Only","2011","40000","Oklahoma","76,431","1,069","41,346","2,105","54.1","2.6","35,085","2,034","45.9","2.6"
"18 to 64 years","<= 400% of Poverty","Hispanic (any race)","Female Only","2010","40000","Oklahoma","74,539","976","39,824","2,168","53.4","2.8","34,715","2,128","46.6","2.8"
"18 to 64 years","<= 400% of Poverty","Hispanic (any race)","Female Only","2009","40000","Oklahoma","65,748","1,011","35,984","2,075","54.7","3.0","29,764","2,035","45.3","3.0"
"18 to 64 years","<= 400% of Poverty","Hispanic (any race)","Female Only","2008","40000","Oklahoma","59,269","954","29,719","1,893","50.1","3.1","29,550","1,873","49.9","3.1"
"18 to 64 years","<= 400% of Poverty","Hispanic (any race)","Female Only","2018","41000","Oregon","122,732","2,312","30,494","2,978","24.8","2.4","92,238","3,357","75.2","2.4"
"18 to 64 years","<= 400% of Poverty","Hispanic (any race)","Female Only","2017","41000","Oregon","119,854","2,116","29,122","2,862","24.3","2.3","90,732","3,217","75.7","2.3"
"18 to 64 years","<= 400% of Poverty","Hispanic (any race)","Female Only","2016","41000","Oregon","118,126","1,934","27,474","2,826","23.3","2.4","90,652","3,129","76.7","2.4"
"18 to 64 years","<= 400% of Poverty","Hispanic (any race)","Female Only","2015","41000","Oregon","117,415","1,713","28,412","2,822","24.2","2.4","89,003","3,052","75.8","2.4"
"18 to 64 years","<= 400% of Poverty","Hispanic (any race)","Female Only","2014","41000","Oregon","115,786","1,529","37,184","3,024","32.1","2.6","78,602","3,141","67.9","2.6"
"18 to 64 years","<= 400% of Poverty","Hispanic (any race)","Female Only","2013","41000","Oregon","111,163","1,462","48,507","3,187","43.6","2.8","62,656","3,207","56.4","2.8"
"18 to 64 years","<= 400% of Poverty","Hispanic (any race)","Female Only","2012","41000","Oregon","107,813","1,436","45,859","3,012","42.5","2.7","61,955","3,034","57.5","2.7"
"18 to 64 years","<= 400% of Poverty","Hispanic (any race)","Female Only","2011","41000","Oregon","106,823","1,427","50,480","3,087","47.3","2.8","56,343","3,076","52.7","2.8"
"18 to 64 years","<= 400% of Poverty","Hispanic (any race)","Female Only","2010","41000","Oregon","101,917","1,513","50,279","2,958","49.3","2.8","51,639","2,923","50.7","2.8"
"18 to 64 years","<= 400% of Poverty","Hispanic (any race)","Female Only","2009","41000","Oregon","88,916","1,579","42,124","2,823","47.4","3.0","46,792","2,809","52.6","3.0"
"18 to 64 years","<= 400% of Poverty","Hispanic (any race)","Female Only","2008","41000","Oregon","85,498","1,629","36,412","2,610","42.6","2.9","49,086","2,658","57.4","2.9"
"18 to 64 years","<= 400% of Poverty","Hispanic (any race)","Female Only","2018","42000","Pennsylvania","219,353","3,330","42,256","3,649","19.3","1.6","177,097","4,481","80.7","1.6"
"18 to 64 years","<= 400% of Poverty","Hispanic (any race)","Female Only","2017","42000","Pennsylvania","213,800","3,120","37,112","3,378","17.4","1.6","176,688","4,180","82.6","1.6"
"18 to 64 years","<= 400% of Poverty","Hispanic (any race)","Female Only","2016","42000","Pennsylvania","207,554","2,790","40,605","3,522","19.6","1.7","166,949","4,127","80.4","1.7"
"18 to 64 years","<= 400% of Poverty","Hispanic (any race)","Female Only","2015","42000","Pennsylvania","203,456","2,572","40,748","3,483","20.0","1.7","162,708","3,985","80.0","1.7"
"18 to 64 years","<= 400% of Poverty","Hispanic (any race)","Female Only","2014","42000","Pennsylvania","198,745","2,245","54,690","3,833","27.5","1.9","144,055","4,112","72.5","1.9"
"18 to 64 years","<= 400% of Poverty","Hispanic (any race)","Female Only","2013","42000","Pennsylvania","192,400","2,189","58,577","4,001","30.4","2.0","133,823","4,211","69.6","2.0"
"18 to 64 years","<= 400% of Poverty","Hispanic (any race)","Female Only","2012","42000","Pennsylvania","188,322","2,162","57,279","3,792","30.4","2.0","131,043","4,023","69.6","2.0"
"18 to 64 years","<= 400% of Poverty","Hispanic (any race)","Female Only","2011","42000","Pennsylvania","179,762","2,254","55,338","3,837","30.8","2.1","124,424","4,064","69.2","2.1"
"18 to 64 years","<= 400% of Poverty","Hispanic (any race)","Female Only","2010","42000","Pennsylvania","172,467","2,284","51,637","3,642","29.9","2.1","120,830","3,921","70.1","2.1"
"18 to 64 years","<= 400% of Poverty","Hispanic (any race)","Female Only","2009","42000","Pennsylvania","144,676","2,410","42,247","3,228","29.2","2.2","102,429","3,578","70.8","2.2"
"18 to 64 years","<= 400% of Poverty","Hispanic (any race)","Female Only","2008","42000","Pennsylvania","131,833","2,135","35,701","2,787","27.1","2.1","96,133","3,134","72.9","2.1"
"18 to 64 years","<= 400% of Poverty","Hispanic (any race)","Female Only","2018","44000","Rhode Island","39,487","988","5,246","941","13.3","2.4","34,241","1,259","86.7","2.4"
"18 to 64 years","<= 400% of Poverty","Hispanic (any race)","Female Only","2017","44000","Rhode Island","38,688","942","6,220","1,001","16.1","2.6","32,468","1,256","83.9","2.6"
"18 to 64 years","<= 400% of Poverty","Hispanic (any race)","Female Only","2016","44000","Rhode Island","37,745","898","5,930","997","15.7","2.6","31,815","1,238","84.3","2.6"
"18 to 64 years","<= 400% of Poverty","Hispanic (any race)","Female Only","2015","44000","Rhode Island","37,912","797","7,278","1,088","19.2","2.8","30,634","1,239","80.8","2.8"
"18 to 64 years","<= 400% of Poverty","Hispanic (any race)","Female Only","2014","44000","Rhode Island","37,502","748","9,016","1,165","24.0","3.1","28,486","1,275","76.0","3.1"
"18 to 64 years","<= 400% of Poverty","Hispanic (any race)","Female Only","2013","44000","Rhode Island","36,292","708","13,644","1,383","37.6","3.7","22,648","1,417","62.4","3.7"
"18 to 64 years","<= 400% of Poverty","Hispanic (any race)","Female Only","2012","44000","Rhode Island","35,269","687","13,011","1,305","36.9","3.6","22,258","1,341","63.1","3.6"
"18 to 64 years","<= 400% of Poverty","Hispanic (any race)","Female Only","2011","44000","Rhode Island","34,098","682","12,003","1,249","35.2","3.6","22,095","1,292","64.8","3.6"
"18 to 64 years","<= 400% of Poverty","Hispanic (any race)","Female Only","2010","44000","Rhode Island","32,895","713","12,172","1,276","37.0","3.8","20,724","1,319","63.0","3.8"
"18 to 64 years","<= 400% of Poverty","Hispanic (any race)","Female Only","2009","44000","Rhode Island","30,095","733","11,298","1,291","37.5","4.2","18,796","1,331","62.5","4.2"
"18 to 64 years","<= 400% of Poverty","Hispanic (any race)","Female Only","2008","44000","Rhode Island","29,075","745","10,471","1,206","36.0","4.0","18,605","1,257","64.0","4.0"
"18 to 64 years","<= 400% of Poverty","Hispanic (any race)","Female Only","2018","45000","South Carolina","62,639","1,201","24,691","2,117","39.4","3.3","37,948","2,160","60.6","3.3"
"18 to 64 years","<= 400% of Poverty","Hispanic (any race)","Female Only","2017","45000","South Carolina","60,345","1,127","26,728","2,062","44.3","3.3","33,617","2,057","55.7","3.3"
"18 to 64 years","<= 400% of Poverty","Hispanic (any race)","Female Only","2016","45000","South Carolina","58,409","1,057","26,220","2,001","44.9","3.3","32,189","2,005","55.1","3.3"
"18 to 64 years","<= 400% of Poverty","Hispanic (any race)","Female Only","2015","45000","South Carolina","58,701","934","26,717","1,999","45.5","3.3","31,984","1,987","54.5","3.3"
"18 to 64 years","<= 400% of Poverty","Hispanic (any race)","Female Only","2014","45000","South Carolina","57,655","877","28,987","1,932","50.3","3.2","28,668","1,912","49.7","3.2"
"18 to 64 years","<= 400% of Poverty","Hispanic (any race)","Female Only","2013","45000","South Carolina","56,037","816","30,560","1,867","54.5","3.2","25,477","1,826","45.5","3.2"
"18 to 64 years","<= 400% of Poverty","Hispanic (any race)","Female Only","2012","45000","South Carolina","54,783","841","29,974","1,912","54.7","3.4","24,810","1,869","45.3","3.4"
"18 to 64 years","<= 400% of Poverty","Hispanic (any race)","Female Only","2011","45000","South Carolina","54,827","783","30,323","1,969","55.3","3.5","24,503","1,925","44.7","3.5"
"18 to 64 years","<= 400% of Poverty","Hispanic (any race)","Female Only","2010","45000","South Carolina","53,359","799","30,241","1,872","56.7","3.4","23,118","1,820","43.3","3.4"
"18 to 64 years","<= 400% of Poverty","Hispanic (any race)","Female Only","2009","45000","South Carolina","40,784","640","23,851","1,430","58.5","3.4","16,933","1,384","41.5","3.4"
"18 to 64 years","<= 400% of Poverty","Hispanic (any race)","Female Only","2008","45000","South Carolina","35,337","623","19,777","1,278","56.0","3.5","15,561","1,246","44.0","3.5"
"18 to 64 years","<= 400% of Poverty","Hispanic (any race)","Female Only","2018","46000","South Dakota","6,773","177","2,285","318","33.7","4.6","4,488","331","66.3","4.6"
"18 to 64 years","<= 400% of Poverty","Hispanic (any race)","Female Only","2017","46000","South Dakota","6,226","151","2,133","301","34.3","4.8","4,093","312","65.7","4.8"
"18 to 64 years","<= 400% of Poverty","Hispanic (any race)","Female Only","2016","46000","South Dakota","6,099","153","2,253","324","36.9","5.2","3,846","329","63.1","5.2"
"18 to 64 years","<= 400% of Poverty","Hispanic (any race)","Female Only","2015","46000","South Dakota","6,144","153","2,489","323","40.5","5.1","3,655","327","59.5","5.1"
"18 to 64 years","<= 400% of Poverty","Hispanic (any race)","Female Only","2014","46000","South Dakota","6,228","148","2,348","302","37.7","4.7","3,880","307","62.3","4.7"
"18 to 64 years","<= 400% of Poverty","Hispanic (any race)","Female Only","2013","46000","South Dakota","5,874","135","2,399","282","40.8","4.7","3,475","284","59.2","4.7"
"18 to 64 years","<= 400% of Poverty","Hispanic (any race)","Female Only","2012","46000","South Dakota","5,332","118","2,298","269","43.1","4.9","3,033","268","56.9","4.9"
"18 to 64 years","<= 400% of Poverty","Hispanic (any race)","Female Only","2011","46000","South Dakota","5,020","101","2,376","249","47.3","4.8","2,644","246","52.7","4.8"
"18 to 64 years","<= 400% of Poverty","Hispanic (any race)","Female Only","2010","46000","South Dakota","4,623","89","2,051","243","44.4","5.2","2,572","242","55.6","5.2"
"18 to 64 years","<= 400% of Poverty","Hispanic (any race)","Female Only","2009","46000","South Dakota","4,585","91","2,134","259","46.5","5.6","2,452","258","53.5","5.6"
"18 to 64 years","<= 400% of Poverty","Hispanic (any race)","Female Only","2008","46000","South Dakota","3,947","85","1,494","221","37.9","5.5","2,453","223","62.1","5.5"
"18 to 64 years","<= 400% of Poverty","Hispanic (any race)","Female Only","2018","47000","Tennessee","80,506","1,372","33,456","2,450","41.6","2.9","47,050","2,472","58.4","2.9"
"18 to 64 years","<= 400% of Poverty","Hispanic (any race)","Female Only","2017","47000","Tennessee","77,115","1,325","32,600","2,436","42.3","3.1","44,515","2,459","57.7","3.1"
"18 to 64 years","<= 400% of Poverty","Hispanic (any race)","Female Only","2016","47000","Tennessee","75,344","1,183","31,826","2,356","42.2","3.0","43,518","2,370","57.8","3.0"
"18 to 64 years","<= 400% of Poverty","Hispanic (any race)","Female Only","2015","47000","Tennessee","75,155","1,061","33,647","2,374","44.8","3.1","41,508","2,374","55.2","3.1"
"18 to 64 years","<= 400% of Poverty","Hispanic (any race)","Female Only","2014","47000","Tennessee","72,855","1,003","35,297","2,325","48.4","3.1","37,558","2,309","51.6","3.1"
"18 to 64 years","<= 400% of Poverty","Hispanic (any race)","Female Only","2013","47000","Tennessee","70,341","933","37,377","2,263","53.1","3.1","32,964","2,219","46.9","3.1"
"18 to 64 years","<= 400% of Poverty","Hispanic (any race)","Female Only","2012","47000","Tennessee","69,699","932","37,347","2,235","53.6","3.1","32,352","2,194","46.4","3.1"
"18 to 64 years","<= 400% of Poverty","Hispanic (any race)","Female Only","2011","47000","Tennessee","67,938","945","38,061","2,257","56.0","3.2","29,877","2,196","44.0","3.2"
"18 to 64 years","<= 400% of Poverty","Hispanic (any race)","Female Only","2010","47000","Tennessee","66,635","939","35,872","2,263","53.8","3.3","30,763","2,213","46.2","3.3"
"18 to 64 years","<= 400% of Poverty","Hispanic (any race)","Female Only","2009","47000","Tennessee","51,421","782","27,969","1,801","54.4","3.4","23,452","1,760","45.6","3.4"
"18 to 64 years","<= 400% of Poverty","Hispanic (any race)","Female Only","2008","47000","Tennessee","44,331","746","22,891","1,534","51.6","3.3","21,439","1,518","48.4","3.3"
"18 to 64 years","<= 400% of Poverty","Hispanic (any race)","Female Only","2018","48000","Texas","2,600,824","17,096","1,088,518","22,521","41.9","0.8","1,512,306","21,353","58.1","0.8"
"18 to 64 years","<= 400% of Poverty","Hispanic (any race)","Female Only","2017","48000","Texas","2,563,069","16,228","1,067,806","21,663","41.7","0.8","1,495,263","21,282","58.3","0.8"
"18 to 64 years","<= 400% of Poverty","Hispanic (any race)","Female Only","2016","48000","Texas","2,525,292","14,313","1,050,240","21,021","41.6","0.8","1,475,052","20,499","58.4","0.8"
"18 to 64 years","<= 400% of Poverty","Hispanic (any race)","Female Only","2015","48000","Texas","2,509,657","12,264","1,060,255","19,951","42.2","0.8","1,449,402","19,701","57.8","0.8"
"18 to 64 years","<= 400% of Poverty","Hispanic (any race)","Female Only","2014","48000","Texas","2,495,028","11,461","1,137,969","20,451","45.6","0.8","1,357,059","19,485","54.4","0.8"
"18 to 64 years","<= 400% of Poverty","Hispanic (any race)","Female Only","2013","48000","Texas","2,450,338","11,073","1,262,497","20,892","51.5","0.8","1,187,841","19,737","48.5","0.8"
"18 to 64 years","<= 400% of Poverty","Hispanic (any race)","Female Only","2012","48000","Texas","2,418,961","12,759","1,275,768","19,382","52.7","0.7","1,143,192","18,377","47.3","0.7"
"18 to 64 years","<= 400% of Poverty","Hispanic (any race)","Female Only","2011","48000","Texas","2,385,331","14,361","1,249,233","20,860","52.4","0.8","1,136,098","19,685","47.6","0.8"
"18 to 64 years","<= 400% of Poverty","Hispanic (any race)","Female Only","2010","48000","Texas","2,321,420","13,336","1,244,404","19,266","53.6","0.8","1,077,017","18,141","46.4","0.8"
"18 to 64 years","<= 400% of Poverty","Hispanic (any race)","Female Only","2009","48000","Texas","2,124,427","13,191","1,135,766","19,121","53.5","0.8","988,661","18,688","46.5","0.8"
"18 to 64 years","<= 400% of Poverty","Hispanic (any race)","Female Only","2008","48000","Texas","2,072,067","12,096","1,095,638","17,399","52.9","0.8","976,429","17,044","47.1","0.8"
"18 to 64 years","<= 400% of Poverty","Hispanic (any race)","Female Only","2018","49000","Utah","98,351","1,865","33,487","2,795","34.0","2.8","64,864","2,951","66.0","2.8"
"18 to 64 years","<= 400% of Poverty","Hispanic (any race)","Female Only","2017","49000","Utah","95,051","1,692","32,012","2,632","33.7","2.7","63,039","2,768","66.3","2.7"
"18 to 64 years","<= 400% of Poverty","Hispanic (any race)","Female Only","2016","49000","Utah","94,053","1,589","31,281","2,670","33.3","2.8","62,772","2,781","66.7","2.8"
"18 to 64 years","<= 400% of Poverty","Hispanic (any race)","Female Only","2015","49000","Utah","93,439","1,400","35,117","2,645","37.6","2.8","58,322","2,693","62.4","2.8"
"18 to 64 years","<= 400% of Poverty","Hispanic (any race)","Female Only","2014","49000","Utah","91,772","1,314","38,054","2,616","41.5","2.8","53,718","2,642","58.5","2.8"
"18 to 64 years","<= 400% of Poverty","Hispanic (any race)","Female Only","2013","49000","Utah","89,149","1,211","41,691","2,566","46.8","2.8","47,458","2,561","53.2","2.8"
"18 to 64 years","<= 400% of Poverty","Hispanic (any race)","Female Only","2012","49000","Utah","87,187","1,174","42,269","2,511","48.5","2.8","44,918","2,484","51.5","2.8"
"18 to 64 years","<= 400% of Poverty","Hispanic (any race)","Female Only","2011","49000","Utah","86,325","1,207","40,315","2,606","46.7","2.9","46,009","2,584","53.3","2.9"
"18 to 64 years","<= 400% of Poverty","Hispanic (any race)","Female Only","2010","49000","Utah","82,940","1,247","39,703","2,461","47.9","2.9","43,238","2,446","52.1","2.9"
"18 to 64 years","<= 400% of Poverty","Hispanic (any race)","Female Only","2009","49000","Utah","72,405","1,255","33,443","2,307","46.2","3.1","38,962","2,304","53.8","3.1"
"18 to 64 years","<= 400% of Poverty","Hispanic (any race)","Female Only","2008","49000","Utah","67,924","1,266","32,710","2,188","48.2","3.1","35,213","2,177","51.8","3.1"
"18 to 64 years","<= 400% of Poverty","Hispanic (any race)","Female Only","2018","50000","Vermont","2,847","84","497","114","17.5","4.0","2,350","132","82.5","4.0"
"18 to 64 years","<= 400% of Poverty","Hispanic (any race)","Female Only","2017","50000","Vermont","2,806","73","522","111","18.6","3.9","2,284","123","81.4","3.9"
"18 to 64 years","<= 400% of Poverty","Hispanic (any race)","Female Only","2016","50000","Vermont","2,733","73","502","111","18.4","4.0","2,231","125","81.6","4.0"
"18 to 64 years","<= 400% of Poverty","Hispanic (any race)","Female Only","2015","50000","Vermont","2,736","73","488","112","17.8","4.1","2,248","126","82.2","4.1"
"18 to 64 years","<= 400% of Poverty","Hispanic (any race)","Female Only","2014","50000","Vermont","2,667","69","541","110","20.3","4.1","2,126","121","79.7","4.1"
"18 to 64 years","<= 400% of Poverty","Hispanic (any race)","Female Only","2013","50000","Vermont","2,525","61","707","120","28.0","4.7","1,818","125","72.0","4.7"
"18 to 64 years","<= 400% of Poverty","Hispanic (any race)","Female Only","2012","50000","Vermont","2,347","57","626","105","26.7","4.4","1,721","111","73.3","4.4"
"18 to 64 years","<= 400% of Poverty","Hispanic (any race)","Female Only","2011","50000","Vermont","2,248","53","605","99","26.9","4.3","1,643","104","73.1","4.3"
"18 to 64 years","<= 400% of Poverty","Hispanic (any race)","Female Only","2010","50000","Vermont","2,099","47","604","102","28.8","4.8","1,495","106","71.2","4.8"
"18 to 64 years","<= 400% of Poverty","Hispanic (any race)","Female Only","2009","50000","Vermont","2,169","49","676","119","31.2","5.4","1,493","122","68.8","5.4"
"18 to 64 years","<= 400% of Poverty","Hispanic (any race)","Female Only","2008","50000","Vermont","1,925","50","607","110","31.5","5.6","1,318","113","68.5","5.6"
"18 to 64 years","<= 400% of Poverty","Hispanic (any race)","Female Only","2018","51000","Virginia","161,627","3,232","58,365","3,892","36.1","2.3","103,262","4,213","63.9","2.3"
"18 to 64 years","<= 400% of Poverty","Hispanic (any race)","Female Only","2017","51000","Virginia","159,691","3,099","58,974","3,908","36.9","2.3","100,717","4,187","63.1","2.3"
"18 to 64 years","<= 400% of Poverty","Hispanic (any race)","Female Only","2016","51000","Virginia","154,433","2,854","55,905","3,797","36.2","2.3","98,528","4,019","63.8","2.3"
"18 to 64 years","<= 400% of Poverty","Hispanic (any race)","Female Only","2015","51000","Virginia","153,736","2,745","54,712","3,731","35.6","2.3","99,024","3,913","64.4","2.3"
"18 to 64 years","<= 400% of Poverty","Hispanic (any race)","Female Only","2014","51000","Virginia","154,164","2,696","63,626","3,816","41.3","2.3","90,538","3,919","58.7","2.3"
"18 to 64 years","<= 400% of Poverty","Hispanic (any race)","Female Only","2013","51000","Virginia","149,850","2,683","68,252","3,858","45.5","2.4","81,598","3,859","54.5","2.4"
"18 to 64 years","<= 400% of Poverty","Hispanic (any race)","Female Only","2012","51000","Virginia","145,276","2,635","66,835","3,758","46.0","2.4","78,440","3,738","54.0","2.4"
"18 to 64 years","<= 400% of Poverty","Hispanic (any race)","Female Only","2011","51000","Virginia","140,207","2,786","66,104","3,859","47.1","2.5","74,103","3,771","52.9","2.5"
"18 to 64 years","<= 400% of Poverty","Hispanic (any race)","Female Only","2010","51000","Virginia","133,733","3,008","68,839","3,836","51.5","2.6","64,894","3,714","48.5","2.6"
"18 to 64 years","<= 400% of Poverty","Hispanic (any race)","Female Only","2009","51000","Virginia","115,417","2,862","52,462","3,496","45.5","2.8","62,955","3,534","54.5","2.8"
"18 to 64 years","<= 400% of Poverty","Hispanic (any race)","Female Only","2008","51000","Virginia","103,218","2,707","48,077","3,117","46.6","2.7","55,141","3,155","53.4","2.7"
"18 to 64 years","<= 400% of Poverty","Hispanic (any race)","Female Only","2018","53000","Washington","202,499","3,437","57,885","4,144","28.6","2.0","144,614","4,688","71.4","2.0"
"18 to 64 years","<= 400% of Poverty","Hispanic (any race)","Female Only","2017","53000","Washington","194,721","3,214","53,010","3,992","27.2","2.0","141,711","4,477","72.8","2.0"
"18 to 64 years","<= 400% of Poverty","Hispanic (any race)","Female Only","2016","53000","Washington","192,426","2,902","50,518","3,868","26.3","2.0","141,908","4,300","73.7","2.0"
"18 to 64 years","<= 400% of Poverty","Hispanic (any race)","Female Only","2015","53000","Washington","189,922","2,587","54,172","3,925","28.5","2.0","135,750","4,206","71.5","2.0"
"18 to 64 years","<= 400% of Poverty","Hispanic (any race)","Female Only","2014","53000","Washington","186,788","2,367","62,090","4,019","33.2","2.1","124,698","4,218","66.8","2.1"
"18 to 64 years","<= 400% of Poverty","Hispanic (any race)","Female Only","2013","53000","Washington","180,494","2,343","85,286","4,333","47.3","2.3","95,208","4,317","52.7","2.3"
"18 to 64 years","<= 400% of Poverty","Hispanic (any race)","Female Only","2012","53000","Washington","177,251","2,287","82,505","4,069","46.5","2.2","94,747","4,052","53.5","2.2"
"18 to 64 years","<= 400% of Poverty","Hispanic (any race)","Female Only","2011","53000","Washington","172,564","2,446","86,513","4,236","50.1","2.3","86,051","4,157","49.9","2.3"
"18 to 64 years","<= 400% of Poverty","Hispanic (any race)","Female Only","2010","53000","Washington","165,770","2,476","80,807","4,044","48.7","2.3","84,963","4,012","51.3","2.3"
"18 to 64 years","<= 400% of Poverty","Hispanic (any race)","Female Only","2009","53000","Washington","138,192","2,636","60,607","3,596","43.9","2.5","77,585","3,679","56.1","2.5"
"18 to 64 years","<= 400% of Poverty","Hispanic (any race)","Female Only","2008","53000","Washington","129,277","2,495","53,221","3,281","41.2","2.4","76,056","3,411","58.8","2.4"
"18 to 64 years","<= 400% of Poverty","Hispanic (any race)","Female Only","2018","54000","West Virginia","6,470","140","1,521","280","23.5","4.3","4,949","296","76.5","4.3"
"18 to 64 years","<= 400% of Poverty","Hispanic (any race)","Female Only","2017","54000","West Virginia","6,262","127","1,525","268","24.4","4.2","4,737","281","75.6","4.2"
"18 to 64 years","<= 400% of Poverty","Hispanic (any race)","Female Only","2016","54000","West Virginia","6,124","123","1,426","259","23.3","4.2","4,698","273","76.7","4.2"
"18 to 64 years","<= 400% of Poverty","Hispanic (any race)","Female Only","2015","54000","West Virginia","6,237","119","1,426","260","22.9","4.1","4,811","273","77.1","4.1"
"18 to 64 years","<= 400% of Poverty","Hispanic (any race)","Female Only","2014","54000","West Virginia","6,113","118","1,795","278","29.4","4.5","4,318","285","70.6","4.5"
"18 to 64 years","<= 400% of Poverty","Hispanic (any race)","Female Only","2013","54000","West Virginia","5,914","103","2,730","286","46.2","4.7","3,184","285","53.8","4.7"
"18 to 64 years","<= 400% of Poverty","Hispanic (any race)","Female Only","2012","54000","West Virginia","5,548","98","2,409","269","43.4","4.8","3,139","269","56.6","4.8"
"18 to 64 years","<= 400% of Poverty","Hispanic (any race)","Female Only","2011","54000","West Virginia","5,340","90","2,443","254","45.7","4.7","2,897","253","54.3","4.7"
"18 to 64 years","<= 400% of Poverty","Hispanic (any race)","Female Only","2010","54000","West Virginia","4,978","80","2,185","249","43.9","4.9","2,793","249","56.1","4.9"
"18 to 64 years","<= 400% of Poverty","Hispanic (any race)","Female Only","2009","54000","West Virginia","5,455","83","2,268","312","41.6","5.7","3,187","313","58.4","5.7"
"18 to 64 years","<= 400% of Poverty","Hispanic (any race)","Female Only","2008","54000","West Virginia","4,752","76","2,055","270","43.2","5.6","2,697","271","56.8","5.6"
"18 to 64 years","<= 400% of Poverty","Hispanic (any race)","Female Only","2018","55000","Wisconsin","86,718","1,544","21,481","2,019","24.8","2.3","65,237","2,296","75.2","2.3"
"18 to 64 years","<= 400% of Poverty","Hispanic (any race)","Female Only","2017","55000","Wisconsin","85,356","1,464","20,403","1,956","23.9","2.2","64,953","2,205","76.1","2.2"
"18 to 64 years","<= 400% of Poverty","Hispanic (any race)","Female Only","2016","55000","Wisconsin","83,747","1,402","20,084","1,962","24.0","2.3","63,663","2,189","76.0","2.3"
"18 to 64 years","<= 400% of Poverty","Hispanic (any race)","Female Only","2015","55000","Wisconsin","83,904","1,257","21,418","2,029","25.5","2.4","62,486","2,200","74.5","2.4"
"18 to 64 years","<= 400% of Poverty","Hispanic (any race)","Female Only","2014","55000","Wisconsin","82,749","1,188","24,987","2,119","30.2","2.5","57,762","2,227","69.8","2.5"
"18 to 64 years","<= 400% of Poverty","Hispanic (any race)","Female Only","2013","55000","Wisconsin","80,655","1,136","27,394","2,169","34.0","2.6","53,261","2,250","66.0","2.6"
"18 to 64 years","<= 400% of Poverty","Hispanic (any race)","Female Only","2012","55000","Wisconsin","78,426","1,117","28,898","2,105","36.8","2.6","49,528","2,162","63.2","2.6"
"18 to 64 years","<= 400% of Poverty","Hispanic (any race)","Female Only","2011","55000","Wisconsin","76,134","1,176","25,916","2,131","34.0","2.7","50,217","2,204","66.0","2.7"
"18 to 64 years","<= 400% of Poverty","Hispanic (any race)","Female Only","2010","55000","Wisconsin","74,248","1,187","26,535","2,134","35.7","2.8","47,714","2,214","64.3","2.8"
"18 to 64 years","<= 400% of Poverty","Hispanic (any race)","Female Only","2009","55000","Wisconsin","62,712","1,158","22,489","1,875","35.9","2.9","40,224","1,954","64.1","2.9"
"18 to 64 years","<= 400% of Poverty","Hispanic (any race)","Female Only","2008","55000","Wisconsin","58,163","1,177","19,910","1,721","34.2","2.9","38,254","1,825","65.8","2.9"
"18 to 64 years","<= 400% of Poverty","Hispanic (any race)","Female Only","2018","56000","Wyoming","11,462","351","3,915","558","34.2","4.7","7,547","588","65.8","4.7"
"18 to 64 years","<= 400% of Poverty","Hispanic (any race)","Female Only","2017","56000","Wyoming","11,850","332","4,559","574","38.5","4.7","7,291","592","61.5","4.7"
"18 to 64 years","<= 400% of Poverty","Hispanic (any race)","Female Only","2016","56000","Wyoming","11,783","355","4,266","572","36.2","4.7","7,517","595","63.8","4.7"
"18 to 64 years","<= 400% of Poverty","Hispanic (any race)","Female Only","2015","56000","Wyoming","11,760","361","4,616","581","39.3","4.8","7,144","595","60.7","4.8"
"18 to 64 years","<= 400% of Poverty","Hispanic (any race)","Female Only","2014","56000","Wyoming","11,925","341","4,532","553","38.0","4.5","7,393","571","62.0","4.5"
"18 to 64 years","<= 400% of Poverty","Hispanic (any race)","Female Only","2013","56000","Wyoming","11,576","333","5,057","543","43.7","4.5","6,519","548","56.3","4.5"
"18 to 64 years","<= 400% of Poverty","Hispanic (any race)","Female Only","2012","56000","Wyoming","11,508","311","5,424","536","47.1","4.4","6,083","534","52.9","4.4"
"18 to 64 years","<= 400% of Poverty","Hispanic (any race)","Female Only","2011","56000","Wyoming","10,780","283","4,894","501","45.4","4.5","5,886","501","54.6","4.5"
"18 to 64 years","<= 400% of Poverty","Hispanic (any race)","Female Only","2010","56000","Wyoming","10,551","291","4,878","535","46.2","4.9","5,673","534","53.8","4.9"
"18 to 64 years","<= 400% of Poverty","Hispanic (any race)","Female Only","2009","56000","Wyoming","8,946","253","4,340","485","48.5","5.2","4,605","485","51.5","5.2"
"18 to 64 years","<= 400% of Poverty","Hispanic (any race)","Female Only","2008","56000","Wyoming","8,350","239","3,450","449","41.3","5.2","4,900","456","58.7","5.2"

